Drug,Conc,Units,channel,block,pacing
Amiodarone,0.8,nM,Calcium,0,0.1
Amiodarone,0.8,nM,Calcium,1.9,0.1
Amiodarone,0.8,nM,Calcium,0.3,0.1
Amiodarone,80,nM,Calcium,17.4,0.1
Amiodarone,80,nM,Calcium,12.9,0.1
Amiodarone,80,nM,Calcium,19.1,0.1
Amiodarone,800,nM,Calcium,36.8,0.1
Amiodarone,800,nM,Calcium,52.8,0.1
Amiodarone,800,nM,Calcium,40.9,0.1
Amiodarone,8000,nM,Calcium,69.2,0.1
Amiodarone,8000,nM,Calcium,83.6,0.1
Amiodarone,8000,nM,Calcium,69.6,0.1
Amiodarone,0.8,nM,hERG,0,0.1
Amiodarone,0.8,nM,hERG,0,0.1
Amiodarone,0.8,nM,hERG,0,0.1
Amiodarone,80,nM,hERG,12,0.1
Amiodarone,80,nM,hERG,17.8,0.1
Amiodarone,80,nM,hERG,14.8,0.1
Amiodarone,800,nM,hERG,37.5,0.1
Amiodarone,800,nM,hERG,62.7,0.1
Amiodarone,800,nM,hERG,60.2,0.1
Amiodarone,8000,nM,hERG,66.5,0.1
Amiodarone,8000,nM,hERG,80.2,0.1
Amiodarone,8000,nM,hERG,73.3,0.1
Amiodarone,0.8,nM,IK1,2.9,0.1
Amiodarone,0.8,nM,IK1,0,0.1
Amiodarone,0.8,nM,IK1,3.4,0.1
Amiodarone,80,nM,IK1,0,0.1
Amiodarone,80,nM,IK1,0,0.1
Amiodarone,80,nM,IK1,0,0.1
Amiodarone,800,nM,IK1,0.9,0.1
Amiodarone,800,nM,IK1,3.5,0.1
Amiodarone,800,nM,IK1,0,0.1
Amiodarone,8000,nM,IK1,1.5,0.1
Amiodarone,8000,nM,IK1,0,0.1
Amiodarone,8000,nM,IK1,0,0.1
Amiodarone,0.8,nM,IKs,4.6,0.1
Amiodarone,0.8,nM,IKs,0,0.1
Amiodarone,0.8,nM,IKs,0.5,0.1
Amiodarone,80,nM,IKs,4.3,0.1
Amiodarone,80,nM,IKs,3.9,0.1
Amiodarone,80,nM,IKs,3.5,0.1
Amiodarone,800,nM,IKs,13.3,0.1
Amiodarone,800,nM,IKs,20.9,0.1
Amiodarone,800,nM,IKs,9.6,0.1
Amiodarone,8000,nM,IKs,23.6,0.1
Amiodarone,8000,nM,IKs,39.9,0.1
Amiodarone,8000,nM,IKs,48.7,0.1
Amiodarone,0.8,nM,Kv4.3,6.2,0.1
Amiodarone,0.8,nM,Kv4.3,1.6,0.1
Amiodarone,0.8,nM,Kv4.3,4.6,0.1
Amiodarone,0.8,nM,Kv4.3,14.3,0.1
Amiodarone,80,nM,Kv4.3,18.5,0.1
Amiodarone,80,nM,Kv4.3,27,0.1
Amiodarone,80,nM,Kv4.3,6.1,0.1
Amiodarone,80,nM,Kv4.3,27.3,0.1
Amiodarone,800,nM,Kv4.3,38.5,0.1
Amiodarone,800,nM,Kv4.3,49.3,0.1
Amiodarone,800,nM,Kv4.3,19.7,0.1
Amiodarone,800,nM,Kv4.3,28.6,0.1
Amiodarone,8000,nM,Kv4.3,74.9,0.1
Amiodarone,8000,nM,Kv4.3,45.5,0.1
Amiodarone,8000,nM,Kv4.3,55.9,0.1
Amiodarone,0.8,nM,Late sodium,2.3,0.1
Amiodarone,0.8,nM,Late sodium,0,0.1
Amiodarone,0.8,nM,Late sodium,0,0.1
Amiodarone,80,nM,Late sodium,21,0.1
Amiodarone,80,nM,Late sodium,13.5,0.1
Amiodarone,80,nM,Late sodium,9.2,0.1
Amiodarone,800,nM,Late sodium,28.4,0.1
Amiodarone,800,nM,Late sodium,23.8,0.1
Amiodarone,800,nM,Late sodium,49.7,0.1
Amiodarone,8000,nM,Late sodium,38.4,0.1
Amiodarone,8000,nM,Late sodium,36.9,0.1
Amiodarone,8000,nM,Late sodium,59.3,0.1
Amiodarone,8000,nM,Late sodium,53.3,0.1
Amiodarone,0.8,nM,Peak sodium,0,0.1
Amiodarone,0.8,nM,Peak sodium,0.2,0.1
Amiodarone,0.8,nM,Peak sodium,0.04,0.1
Amiodarone,80,nM,Peak sodium,0,0.1
Amiodarone,80,nM,Peak sodium,0.5,0.1
Amiodarone,80,nM,Peak sodium,0.3,0.1
Amiodarone,800,nM,Peak sodium,25.3,0.1
Amiodarone,800,nM,Peak sodium,17.5,0.1
Amiodarone,800,nM,Peak sodium,24.1,0.1
Amiodarone,800,nM,Peak sodium,26.9,0.1
Amiodarone,8000,nM,Peak sodium,60.3,0.1
Amiodarone,8000,nM,Peak sodium,75.3,0.1
Amiodarone,8000,nM,Peak sodium,42.3,0.1
Amitriptyline,36,nM,Kv4.3,26.1,0.1
Amitriptyline,36,nM,Kv4.3,50.8,0.1
Amitriptyline,36,nM,Kv4.3,19.7,0.1
Amitriptyline,36,nM,Kv4.3,0,0.1
Amitriptyline,36,nM,Kv4.3,0,0.1
Amitriptyline,360,nM,Kv4.3,47.8,0.1
Amitriptyline,360,nM,Kv4.3,58.8,0.1
Amitriptyline,360,nM,Kv4.3,3.6,0.1
Amitriptyline,360,nM,Kv4.3,11.7,0.1
Amitriptyline,3600,nM,Kv4.3,63.8,0.1
Amitriptyline,3600,nM,Kv4.3,80.9,0.1
Amitriptyline,3600,nM,Kv4.3,12,0.1
Amitriptyline,3600,nM,Kv4.3,19.5,0.1
Amitriptyline,36000,nM,Kv4.3,80,0.1
Amitriptyline,36000,nM,Kv4.3,87.7,0.1
Amitriptyline,36000,nM,Kv4.3,71.7,0.1
Amitriptyline,36000,nM,Kv4.3,80,0.1
Amitriptyline,36000,nM,Kv4.3,87.7,0.1
Amitriptyline,36000,nM,Kv4.3,80,0.1
Amitriptyline,36,nM,Late sodium,0,0.1
Amitriptyline,36,nM,Late sodium,0,0.1
Amitriptyline,36,nM,Late sodium,5.8,0.1
Amitriptyline,360,nM,Late sodium,30.5,0.1
Amitriptyline,360,nM,Late sodium,20.4,0.1
Amitriptyline,360,nM,Late sodium,30.3,0.1
Amitriptyline,3600,nM,Late sodium,47.5,0.1
Amitriptyline,3600,nM,Late sodium,34.9,0.1
Amitriptyline,3600,nM,Late sodium,51.8,0.1
Amitriptyline,36000,nM,Late sodium,85.4,0.1
Amitriptyline,36000,nM,Late sodium,66,0.1
Amitriptyline,36000,nM,Late sodium,74.4,0.1
Amitriptyline,36,nM,Calcium,4,0.1
Amitriptyline,36,nM,Calcium,6.4,0.1
Amitriptyline,36,nM,Calcium,5.8,0.1
Amitriptyline,360,nM,Calcium,24.5,0.1
Amitriptyline,360,nM,Calcium,17.4,0.1
Amitriptyline,360,nM,Calcium,19.8,0.1
Amitriptyline,3600,nM,Calcium,76.7,0.1
Amitriptyline,3600,nM,Calcium,64.9,0.1
Amitriptyline,3600,nM,Calcium,82.2,0.1
Amitriptyline,36000,nM,Calcium,97.8,0.1
Amitriptyline,36000,nM,Calcium,93.1,0.1
Amitriptyline,36000,nM,Calcium,93.8,0.1
Amitriptyline,36,nM,hERG,0,0.1
Amitriptyline,36,nM,hERG,0,0.1
Amitriptyline,36,nM,hERG,2.7,0.1
Amitriptyline,360,nM,hERG,11.1,0.1
Amitriptyline,360,nM,hERG,7.4,0.1
Amitriptyline,360,nM,hERG,17.2,0.1
Amitriptyline,3600,nM,hERG,34.2,0.1
Amitriptyline,3600,nM,hERG,52.3,0.1
Amitriptyline,3600,nM,hERG,58,0.1
Amitriptyline,36000,nM,hERG,92.6,0.1
Amitriptyline,36000,nM,hERG,94.8,0.1
Amitriptyline,36000,nM,hERG,88.2,0.1
Amitriptyline,36,nM,IK1,0,0.1
Amitriptyline,36,nM,IK1,0,0.1
Amitriptyline,36,nM,IK1,0,0.1
Amitriptyline,360,nM,IK1,0,0.1
Amitriptyline,360,nM,IK1,2.3,0.1
Amitriptyline,360,nM,IK1,5.2,0.1
Amitriptyline,3600,nM,IK1,0,0.1
Amitriptyline,3600,nM,IK1,1.7,0.1
Amitriptyline,3600,nM,IK1,0,0.1
Amitriptyline,36000,nM,IK1,0,0.1
Amitriptyline,36000,nM,IK1,2.6,0.1
Amitriptyline,36000,nM,IK1,12.2,0.1
Amitriptyline,36,nM,IKs,10.1,0.1
Amitriptyline,36,nM,IKs,16.6,0.1
Amitriptyline,36,nM,IKs,9.7,0.1
Amitriptyline,360,nM,IKs,34.8,0.1
Amitriptyline,360,nM,IKs,27.2,0.1
Amitriptyline,360,nM,IKs,21.8,0.1
Amitriptyline,3600,nM,IKs,44.1,0.1
Amitriptyline,3600,nM,IKs,48.8,0.1
Amitriptyline,3600,nM,IKs,57.7,0.1
Amitriptyline,36000,nM,IKs,93.3,0.1
Amitriptyline,36000,nM,IKs,62.3,0.1
Amitriptyline,36000,nM,IKs,82.4,0.1
Amitriptyline,36000,nM,IKs,81.9,0.1
Amitriptyline,36,nM,Peak sodium,3.1,0.1
Amitriptyline,36,nM,Peak sodium,0,0.1
Amitriptyline,36,nM,Peak sodium,0,0.1
Amitriptyline,360,nM,Peak sodium,8,0.1
Amitriptyline,360,nM,Peak sodium,11.6,0.1
Amitriptyline,360,nM,Peak sodium,14.5,0.1
Amitriptyline,3600,nM,Peak sodium,28.3,0.1
Amitriptyline,3600,nM,Peak sodium,34.1,0.1
Amitriptyline,3600,nM,Peak sodium,37.7,0.1
Amitriptyline,36000,nM,Peak sodium,95.4,0.1
Amitriptyline,36000,nM,Peak sodium,91.4,0.1
Amitriptyline,36000,nM,Peak sodium,95.7,0.1
Azithromycin,2000,nM,Calcium,0,0.1
Azithromycin,2000,nM,Calcium,0,0.1
Azithromycin,2000,nM,Calcium,0,0.1
Azithromycin,20000,nM,Calcium,0,0.1
Azithromycin,20000,nM,Calcium,0,0.1
Azithromycin,20000,nM,Calcium,0,0.1
Azithromycin,1e+05,nM,Calcium,1.5,0.1
Azithromycin,1e+05,nM,Calcium,0,0.1
Azithromycin,1e+05,nM,Calcium,3.8,0.1
Azithromycin,1e+05,nM,Calcium,2.6,0.1
Azithromycin,1e+05,nM,Calcium,0.3,0.1
Azithromycin,3e+05,nM,Calcium,28.8,0.1
Azithromycin,3e+05,nM,Calcium,5.6,0.1
Azithromycin,3e+05,nM,Calcium,8.7,0.1
Azithromycin,3e+05,nM,Calcium,13.7,0.1
Azithromycin,2000,nM,hERG,10.5,0.1
Azithromycin,2000,nM,hERG,10.6,0.1
Azithromycin,2000,nM,hERG,21.4,0.1
Azithromycin,20000,nM,hERG,34,0.1
Azithromycin,20000,nM,hERG,21.1,0.1
Azithromycin,20000,nM,hERG,55.8,0.1
Azithromycin,1e+05,nM,hERG,48.4,0.1
Azithromycin,1e+05,nM,hERG,36.2,0.1
Azithromycin,1e+05,nM,hERG,70.3,0.1
Azithromycin,3e+05,nM,hERG,73.7,0.1
Azithromycin,3e+05,nM,hERG,60.4,0.1
Azithromycin,3e+05,nM,hERG,70.7,0.1
Azithromycin,2000,nM,IK1,0,0.1
Azithromycin,2000,nM,IK1,0,0.1
Azithromycin,2000,nM,IK1,0,0.1
Azithromycin,20000,nM,IK1,0,0.1
Azithromycin,20000,nM,IK1,0,0.1
Azithromycin,20000,nM,IK1,0,0.1
Azithromycin,1e+05,nM,IK1,0,0.1
Azithromycin,1e+05,nM,IK1,0,0.1
Azithromycin,1e+05,nM,IK1,0,0.1
Azithromycin,3e+05,nM,IK1,3.6,0.1
Azithromycin,3e+05,nM,IK1,5.4,0.1
Azithromycin,3e+05,nM,IK1,2.8,0.1
Azithromycin,2000,nM,IKs,0,0.1
Azithromycin,2000,nM,IKs,0,0.1
Azithromycin,2000,nM,IKs,0,0.1
Azithromycin,20000,nM,IKs,0,0.1
Azithromycin,20000,nM,IKs,0,0.1
Azithromycin,20000,nM,IKs,0,0.1
Azithromycin,1e+05,nM,IKs,11.9,0.1
Azithromycin,1e+05,nM,IKs,10.5,0.1
Azithromycin,1e+05,nM,IKs,11.7,0.1
Azithromycin,3e+05,nM,IKs,31.4,0.1
Azithromycin,3e+05,nM,IKs,19.3,0.1
Azithromycin,3e+05,nM,IKs,39.1,0.1
Azithromycin,3e+05,nM,IKs,50.7,0.1
Azithromycin,2000,nM,Peak sodium,0,0.1
Azithromycin,2000,nM,Peak sodium,0,0.1
Azithromycin,2000,nM,Peak sodium,0,0.1
Azithromycin,20000,nM,Peak sodium,0,0.1
Azithromycin,20000,nM,Peak sodium,0,0.1
Azithromycin,20000,nM,Peak sodium,4.1,0.1
Azithromycin,1e+05,nM,Peak sodium,3.4,0.1
Azithromycin,1e+05,nM,Peak sodium,0,0.1
Azithromycin,1e+05,nM,Peak sodium,2.2,0.1
Azithromycin,3e+05,nM,Peak sodium,18.9,0.1
Azithromycin,3e+05,nM,Peak sodium,6,0.1
Azithromycin,3e+05,nM,Peak sodium,17.5,0.1
Azithromycin,2000,nM,Kv4.3,9.6,0.1
Azithromycin,2000,nM,Kv4.3,19.2,0.1
Azithromycin,2000,nM,Kv4.3,10.4,0.1
Azithromycin,20000,nM,Kv4.3,47.9,0.1
Azithromycin,20000,nM,Kv4.3,44.2,0.1
Azithromycin,20000,nM,Kv4.3,6.1,0.1
Azithromycin,1e+05,nM,Kv4.3,68.5,0.1
Azithromycin,1e+05,nM,Kv4.3,55.7,0.1
Azithromycin,1e+05,nM,Kv4.3,18.4,0.1
Azithromycin,3e+05,nM,Kv4.3,83.6,0.1
Azithromycin,3e+05,nM,Kv4.3,67.3,0.1
Azithromycin,3e+05,nM,Kv4.3,53.8,0.1
Azithromycin,2000,nM,Late sodium,0,0.1
Azithromycin,2000,nM,Late sodium,2.4,0.1
Azithromycin,2000,nM,Late sodium,3.2,0.1
Azithromycin,20000,nM,Late sodium,0.9,0.1
Azithromycin,20000,nM,Late sodium,7.8,0.1
Azithromycin,20000,nM,Late sodium,3.9,0.1
Azithromycin,1e+05,nM,Late sodium,23.3,0.1
Azithromycin,1e+05,nM,Late sodium,20.9,0.1
Azithromycin,1e+05,nM,Late sodium,24.4,0.1
Azithromycin,3e+05,nM,Late sodium,64.2,0.1
Azithromycin,3e+05,nM,Late sodium,80.7,0.1
Azithromycin,3e+05,nM,Late sodium,66.6,0.1
Bepridil,30,nM,Calcium,3.7,0.1
Bepridil,30,nM,Calcium,1.6,0.1
Bepridil,30,nM,Calcium,7.4,0.1
Bepridil,180,nM,Calcium,25.8,0.1
Bepridil,180,nM,Calcium,7.7,0.1
Bepridil,180,nM,Calcium,9.9,0.1
Bepridil,900,nM,Calcium,46.7,0.1
Bepridil,900,nM,Calcium,26.1,0.1
Bepridil,900,nM,Calcium,25.9,0.1
Bepridil,3000,nM,Calcium,57,0.1
Bepridil,3000,nM,Calcium,50.2,0.1
Bepridil,3000,nM,Calcium,44.9,0.1
Bepridil,30,nM,hERG,24.2,0.1
Bepridil,30,nM,hERG,15.5,0.1
Bepridil,30,nM,hERG,12.5,0.1
Bepridil,180,nM,hERG,83.9,0.1
Bepridil,180,nM,hERG,50.2,0.1
Bepridil,180,nM,hERG,38.2,0.1
Bepridil,900,nM,hERG,94.7,0.1
Bepridil,900,nM,hERG,78,0.1
Bepridil,900,nM,hERG,64,0.1
Bepridil,3000,nM,hERG,100,0.1
Bepridil,3000,nM,hERG,100,0.1
Bepridil,3000,nM,hERG,84.2,0.1
Bepridil,30,nM,IK1,2.9,0.1
Bepridil,30,nM,IK1,0.5,0.1
Bepridil,30,nM,IK1,0,0.1
Bepridil,180,nM,IK1,0,0.1
Bepridil,180,nM,IK1,0.2,0.1
Bepridil,180,nM,IK1,0,0.1
Bepridil,900,nM,IK1,0,0.1
Bepridil,900,nM,IK1,0,0.1
Bepridil,900,nM,IK1,0.4,0.1
Bepridil,3000,nM,IK1,0,0.1
Bepridil,3000,nM,IK1,0,0.1
Bepridil,3000,nM,IK1,1.6,0.1
Bepridil,30,nM,IKs,0,0.1
Bepridil,30,nM,IKs,0.9,0.1
Bepridil,30,nM,IKs,0,0.1
Bepridil,180,nM,IKs,0,0.1
Bepridil,180,nM,IKs,0.7,0.1
Bepridil,180,nM,IKs,0,0.1
Bepridil,900,nM,IKs,2.4,0.1
Bepridil,900,nM,IKs,17.9,0.1
Bepridil,900,nM,IKs,11.2,0.1
Bepridil,900,nM,IKs,7.3,0.1
Bepridil,3000,nM,IKs,18.8,0.1
Bepridil,3000,nM,IKs,14.6,0.1
Bepridil,3000,nM,IKs,15.2,0.1
Bepridil,30,nM,Kv4.3,0,0.1
Bepridil,30,nM,Kv4.3,0,0.1
Bepridil,30,nM,Kv4.3,0,0.1
Bepridil,180,nM,Kv4.3,0.2,0.1
Bepridil,180,nM,Kv4.3,0,0.1
Bepridil,180,nM,Kv4.3,0,0.1
Bepridil,900,nM,Kv4.3,0.1,0.1
Bepridil,900,nM,Kv4.3,0,0.1
Bepridil,900,nM,Kv4.3,0,0.1
Bepridil,3000,nM,Kv4.3,0,0.1
Bepridil,3000,nM,Kv4.3,6.2,0.1
Bepridil,3000,nM,Kv4.3,3.2,0.1
Bepridil,3000,nM,Kv4.3,0,0.1
Bepridil,30,nM,Late sodium,2,0.1
Bepridil,30,nM,Late sodium,5.9,0.1
Bepridil,30,nM,Late sodium,0,0.1
Bepridil,180,nM,Late sodium,2.9,0.1
Bepridil,180,nM,Late sodium,5.5,0.1
Bepridil,180,nM,Late sodium,0,0.1
Bepridil,900,nM,Late sodium,20.7,0.1
Bepridil,900,nM,Late sodium,28.3,0.1
Bepridil,900,nM,Late sodium,32.8,0.1
Bepridil,3000,nM,Late sodium,61.4,0.1
Bepridil,3000,nM,Late sodium,61.5,0.1
Bepridil,3000,nM,Late sodium,78.1,0.1
Bepridil,30,nM,Peak sodium,0,0.1
Bepridil,30,nM,Peak sodium,2.2,0.1
Bepridil,30,nM,Peak sodium,1.2,0.1
Bepridil,180,nM,Peak sodium,5.4,0.1
Bepridil,180,nM,Peak sodium,7.9,0.1
Bepridil,180,nM,Peak sodium,8.1,0.1
Bepridil,180,nM,Peak sodium,13.9,0.1
Bepridil,900,nM,Peak sodium,15.2,0.1
Bepridil,900,nM,Peak sodium,9.1,0.1
Bepridil,900,nM,Peak sodium,13.1,0.1
Bepridil,900,nM,Peak sodium,32.6,0.1
Bepridil,3000,nM,Peak sodium,61.7,0.1
Bepridil,3000,nM,Peak sodium,53.7,0.1
Bepridil,3000,nM,Peak sodium,42.8,0.1
Bepridil,3000,nM,Peak sodium,48.6,0.1
Chloroquine,250,nM,Kv4.3,3.5,0.1
Chloroquine,250,nM,Kv4.3,0,0.1
Chloroquine,250,nM,Kv4.3,0,0.1
Chloroquine,750,nM,Kv4.3,4.4,0.1
Chloroquine,750,nM,Kv4.3,0.6,0.1
Chloroquine,750,nM,Kv4.3,0,0.1
Chloroquine,2500,nM,Kv4.3,0,0.1
Chloroquine,2500,nM,Kv4.3,2.8,0.1
Chloroquine,2500,nM,Kv4.3,1,0.1
Chloroquine,25000,nM,Kv4.3,4.9,0.1
Chloroquine,25000,nM,Kv4.3,0,0.1
Chloroquine,25000,nM,Kv4.3,3.9,0.1
Chloroquine,25000,nM,Kv4.3,11.9,0.1
Chloroquine,25000,nM,Kv4.3,0,0.1
Chloroquine,25000,nM,Kv4.3,0.8,0.1
Chloroquine,250,nM,Late sodium,0,0.1
Chloroquine,250,nM,Late sodium,0,0.1
Chloroquine,250,nM,Late sodium,0,0.1
Chloroquine,750,nM,Late sodium,10.4,0.1
Chloroquine,750,nM,Late sodium,0,0.1
Chloroquine,750,nM,Late sodium,0,0.1
Chloroquine,2500,nM,Late sodium,11.3,0.1
Chloroquine,2500,nM,Late sodium,13.1,0.1
Chloroquine,2500,nM,Late sodium,4.1,0.1
Chloroquine,25000,nM,Late sodium,11.8,0.1
Chloroquine,25000,nM,Late sodium,28.2,0.1
Chloroquine,25000,nM,Late sodium,23.8,0.1
Chloroquine,250,nM,Calcium,4.8,0.1
Chloroquine,250,nM,Calcium,0,0.1
Chloroquine,250,nM,Calcium,0.9,0.1
Chloroquine,750,nM,Calcium,7,0.1
Chloroquine,750,nM,Calcium,0,0.1
Chloroquine,750,nM,Calcium,1.6,0.1
Chloroquine,2500,nM,Calcium,7.8,0.1
Chloroquine,2500,nM,Calcium,0,0.1
Chloroquine,2500,nM,Calcium,1,0.1
Chloroquine,25000,nM,Calcium,2.5,0.1
Chloroquine,25000,nM,Calcium,2.8,0.1
Chloroquine,25000,nM,Calcium,11.8,0.1
Chloroquine,250,nM,hERG,5.5,0.1
Chloroquine,250,nM,hERG,4.5,0.1
Chloroquine,250,nM,hERG,7.9,0.1
Chloroquine,750,nM,hERG,14.8,0.1
Chloroquine,750,nM,hERG,22.3,0.1
Chloroquine,750,nM,hERG,23.4,0.1
Chloroquine,2500,nM,hERG,42.2,0.1
Chloroquine,2500,nM,hERG,27.7,0.1
Chloroquine,2500,nM,hERG,50.5,0.1
Chloroquine,25000,nM,hERG,66.7,0.1
Chloroquine,25000,nM,hERG,66,0.1
Chloroquine,25000,nM,hERG,65.6,0.1
Chloroquine,250,nM,IK1,0,0.1
Chloroquine,250,nM,IK1,0,0.1
Chloroquine,250,nM,IK1,0,0.1
Chloroquine,750,nM,IK1,6.8,0.1
Chloroquine,750,nM,IK1,11.2,0.1
Chloroquine,750,nM,IK1,9,0.1
Chloroquine,2500,nM,IK1,20.1,0.1
Chloroquine,2500,nM,IK1,32.8,0.1
Chloroquine,2500,nM,IK1,26.7,0.1
Chloroquine,25000,nM,IK1,58.6,0.1
Chloroquine,25000,nM,IK1,73.4,0.1
Chloroquine,25000,nM,IK1,65.3,0.1
Chloroquine,250,nM,IKs,0,0.1
Chloroquine,250,nM,IKs,0.8,0.1
Chloroquine,250,nM,IKs,0,0.1
Chloroquine,750,nM,IKs,0.4,0.1
Chloroquine,750,nM,IKs,0,0.1
Chloroquine,750,nM,IKs,0,0.1
Chloroquine,2500,nM,IKs,3.3,0.1
Chloroquine,2500,nM,IKs,0.2,0.1
Chloroquine,2500,nM,IKs,1.8,0.1
Chloroquine,25000,nM,IKs,17.2,0.1
Chloroquine,25000,nM,IKs,22,0.1
Chloroquine,25000,nM,IKs,11.3,0.1
Chloroquine,250,nM,Peak sodium,0,0.1
Chloroquine,250,nM,Peak sodium,0,0.1
Chloroquine,250,nM,Peak sodium,1.1,0.1
Chloroquine,750,nM,Peak sodium,0,0.1
Chloroquine,750,nM,Peak sodium,0,0.1
Chloroquine,750,nM,Peak sodium,1.6,0.1
Chloroquine,2500,nM,Peak sodium,0,0.1
Chloroquine,2500,nM,Peak sodium,4.9,0.1
Chloroquine,2500,nM,Peak sodium,9.1,0.1
Chloroquine,25000,nM,Peak sodium,13.3,0.1
Chloroquine,25000,nM,Peak sodium,21.6,0.1
Chloroquine,25000,nM,Peak sodium,14.4,0.1
Chlorpromazine,35,nM,Kv4.3,0,0.1
Chlorpromazine,35,nM,Kv4.3,0,0.1
Chlorpromazine,35,nM,Kv4.3,1.8,0.1
Chlorpromazine,350,nM,Kv4.3,0,0.1
Chlorpromazine,350,nM,Kv4.3,0.9,0.1
Chlorpromazine,350,nM,Kv4.3,3.1,0.1
Chlorpromazine,1750,nM,Kv4.3,0,0.1
Chlorpromazine,1750,nM,Kv4.3,1.4,0.1
Chlorpromazine,1750,nM,Kv4.3,10.9,0.1
Chlorpromazine,10500,nM,Kv4.3,10.4,0.1
Chlorpromazine,10500,nM,Kv4.3,5.7,0.1
Chlorpromazine,10500,nM,Kv4.3,1.9,0.1
Chlorpromazine,35,nM,Late sodium,0,0.1
Chlorpromazine,35,nM,Late sodium,1,0.1
Chlorpromazine,35,nM,Late sodium,0,0.1
Chlorpromazine,350,nM,Late sodium,8.5,0.1
Chlorpromazine,350,nM,Late sodium,9.8,0.1
Chlorpromazine,350,nM,Late sodium,13,0.1
Chlorpromazine,1750,nM,Late sodium,29.1,0.1
Chlorpromazine,1750,nM,Late sodium,25.1,0.1
Chlorpromazine,1750,nM,Late sodium,28.4,0.1
Chlorpromazine,10500,nM,Late sodium,80.8,0.1
Chlorpromazine,10500,nM,Late sodium,63.8,0.1
Chlorpromazine,10500,nM,Late sodium,63.1,0.1
Chlorpromazine,35,nM,Calcium,5.2,0.1
Chlorpromazine,35,nM,Calcium,3.1,0.1
Chlorpromazine,35,nM,Calcium,1.8,0.1
Chlorpromazine,350,nM,Calcium,5.7,0.1
Chlorpromazine,350,nM,Calcium,5.2,0.1
Chlorpromazine,350,nM,Calcium,8.8,0.1
Chlorpromazine,1750,nM,Calcium,26,0.1
Chlorpromazine,1750,nM,Calcium,16.5,0.1
Chlorpromazine,1750,nM,Calcium,20.2,0.1
Chlorpromazine,10500,nM,Calcium,46.9,0.1
Chlorpromazine,10500,nM,Calcium,71.3,0.1
Chlorpromazine,10500,nM,Calcium,48.1,0.1
Chlorpromazine,35,nM,hERG,3.3,0.1
Chlorpromazine,35,nM,hERG,3.1,0.1
Chlorpromazine,35,nM,hERG,0,0.1
Chlorpromazine,350,nM,hERG,23,0.1
Chlorpromazine,350,nM,hERG,25.6,0.1
Chlorpromazine,350,nM,hERG,23.9,0.1
Chlorpromazine,1750,nM,hERG,71.6,0.1
Chlorpromazine,1750,nM,hERG,59.2,0.1
Chlorpromazine,1750,nM,hERG,62.3,0.1
Chlorpromazine,10500,nM,hERG,82.1,0.1
Chlorpromazine,10500,nM,hERG,70.3,0.1
Chlorpromazine,10500,nM,hERG,94.8,0.1
Chlorpromazine,35,nM,IK1,0,0.1
Chlorpromazine,35,nM,IK1,0,0.1
Chlorpromazine,35,nM,IK1,0,0.1
Chlorpromazine,350,nM,IK1,6.7,0.1
Chlorpromazine,350,nM,IK1,4.8,0.1
Chlorpromazine,350,nM,IK1,10.3,0.1
Chlorpromazine,1750,nM,IK1,26.8,0.1
Chlorpromazine,1750,nM,IK1,21,0.1
Chlorpromazine,1750,nM,IK1,32.8,0.1
Chlorpromazine,10500,nM,IK1,41.2,0.1
Chlorpromazine,10500,nM,IK1,48.6,0.1
Chlorpromazine,10500,nM,IK1,63.4,0.1
Chlorpromazine,35,nM,IKs,3.8,0.1
Chlorpromazine,35,nM,IKs,1.7,0.1
Chlorpromazine,35,nM,IKs,0.02,0.1
Chlorpromazine,350,nM,IKs,0.9,0.1
Chlorpromazine,350,nM,IKs,5.7,0.1
Chlorpromazine,350,nM,IKs,5.3,0.1
Chlorpromazine,1750,nM,IKs,0.8,0.1
Chlorpromazine,1750,nM,IKs,6.4,0.1
Chlorpromazine,1750,nM,IKs,6.9,0.1
Chlorpromazine,10500,nM,IKs,3.9,0.1
Chlorpromazine,10500,nM,IKs,11.5,0.1
Chlorpromazine,10500,nM,IKs,0.2,0.1
Chlorpromazine,35,nM,Peak sodium,1.1,0.1
Chlorpromazine,35,nM,Peak sodium,0.05,0.1
Chlorpromazine,35,nM,Peak sodium,0,0.1
Chlorpromazine,350,nM,Peak sodium,0,0.1
Chlorpromazine,350,nM,Peak sodium,0,0.1
Chlorpromazine,350,nM,Peak sodium,0,0.1
Chlorpromazine,1750,nM,Peak sodium,10,0.1
Chlorpromazine,1750,nM,Peak sodium,17.2,0.1
Chlorpromazine,1750,nM,Peak sodium,12,0.1
Chlorpromazine,10500,nM,Peak sodium,71.7,0.1
Chlorpromazine,10500,nM,Peak sodium,82.5,0.1
Chlorpromazine,10500,nM,Peak sodium,98.4,0.1
Cibenzoline,600,nM,Kv4.3,0,0.1
Cibenzoline,600,nM,Kv4.3,0,0.1
Cibenzoline,600,nM,Kv4.3,1.3,0.1
Cibenzoline,1800,nM,Kv4.3,0,0.1
Cibenzoline,1800,nM,Kv4.3,0,0.1
Cibenzoline,1800,nM,Kv4.3,2.6,0.1
Cibenzoline,6000,nM,Kv4.3,0,0.1
Cibenzoline,6000,nM,Kv4.3,0,0.1
Cibenzoline,6000,nM,Kv4.3,4.1,0.1
Cibenzoline,60000,nM,Kv4.3,0,0.1
Cibenzoline,60000,nM,Kv4.3,0,0.1
Cibenzoline,60000,nM,Kv4.3,5.9,0.1
Cibenzoline,60000,nM,Kv4.3,0,0.1
Cibenzoline,60000,nM,Kv4.3,0,0.1
Cibenzoline,60000,nM,Kv4.3,0.6,0.1
Cibenzoline,600,nM,Late sodium,4.3,0.1
Cibenzoline,600,nM,Late sodium,0,0.1
Cibenzoline,600,nM,Late sodium,0,0.1
Cibenzoline,1800,nM,Late sodium,23.5,0.1
Cibenzoline,1800,nM,Late sodium,0,0.1
Cibenzoline,1800,nM,Late sodium,0,0.1
Cibenzoline,6000,nM,Late sodium,62.8,0.1
Cibenzoline,6000,nM,Late sodium,22.9,0.1
Cibenzoline,6000,nM,Late sodium,26.3,0.1
Cibenzoline,60000,nM,Late sodium,42.4,0.1
Cibenzoline,60000,nM,Late sodium,53.8,0.1
Cibenzoline,60000,nM,Late sodium,52.3,0.1
Cibenzoline,600,nM,Calcium,0,0.1
Cibenzoline,600,nM,Calcium,0.9,0.1
Cibenzoline,600,nM,Calcium,1.2,0.1
Cibenzoline,1800,nM,Calcium,2.8,0.1
Cibenzoline,1800,nM,Calcium,2.9,0.1
Cibenzoline,1800,nM,Calcium,4.3,0.1
Cibenzoline,6000,nM,Calcium,14.8,0.1
Cibenzoline,6000,nM,Calcium,10.6,0.1
Cibenzoline,6000,nM,Calcium,6.7,0.1
Cibenzoline,60000,nM,Calcium,28.6,0.1
Cibenzoline,60000,nM,Calcium,31.8,0.1
Cibenzoline,60000,nM,Calcium,23.8,0.1
Cibenzoline,600,nM,hERG,14.4,0.1
Cibenzoline,600,nM,hERG,18.4,0.1
Cibenzoline,600,nM,hERG,22.8,0.1
Cibenzoline,600,nM,hERG,23.6,0.1
Cibenzoline,1800,nM,hERG,53.1,0.1
Cibenzoline,1800,nM,hERG,49.1,0.1
Cibenzoline,1800,nM,hERG,57.2,0.1
Cibenzoline,6000,nM,hERG,80.9,0.1
Cibenzoline,6000,nM,hERG,71.3,0.1
Cibenzoline,6000,nM,hERG,61.6,0.1
Cibenzoline,60000,nM,hERG,90.1,0.1
Cibenzoline,60000,nM,hERG,95.6,0.1
Cibenzoline,60000,nM,hERG,78.9,0.1
Cibenzoline,600,nM,IK1,0,0.1
Cibenzoline,600,nM,IK1,0,0.1
Cibenzoline,600,nM,IK1,0,0.1
Cibenzoline,1800,nM,IK1,10.4,0.1
Cibenzoline,1800,nM,IK1,0,0.1
Cibenzoline,1800,nM,IK1,0,0.1
Cibenzoline,6000,nM,IK1,5.3,0.1
Cibenzoline,6000,nM,IK1,0,0.1
Cibenzoline,6000,nM,IK1,0,0.1
Cibenzoline,60000,nM,IK1,0.3,0.1
Cibenzoline,60000,nM,IK1,0,0.1
Cibenzoline,60000,nM,IK1,0,0.1
Cibenzoline,600,nM,IKs,0,0.1
Cibenzoline,600,nM,IKs,0.2,0.1
Cibenzoline,600,nM,IKs,2.3,0.1
Cibenzoline,1800,nM,IKs,5.6,0.1
Cibenzoline,1800,nM,IKs,0.9,0.1
Cibenzoline,1800,nM,IKs,4,0.1
Cibenzoline,6000,nM,IKs,10.3,0.1
Cibenzoline,6000,nM,IKs,0,0.1
Cibenzoline,6000,nM,IKs,5,0.1
Cibenzoline,60000,nM,IKs,11.5,0.1
Cibenzoline,60000,nM,IKs,0,0.1
Cibenzoline,60000,nM,IKs,0,0.1
Cibenzoline,600,nM,Peak sodium,0,0.1
Cibenzoline,600,nM,Peak sodium,0.1,0.1
Cibenzoline,600,nM,Peak sodium,0,0.1
Cibenzoline,1800,nM,Peak sodium,2.3,0.1
Cibenzoline,1800,nM,Peak sodium,5.5,0.1
Cibenzoline,1800,nM,Peak sodium,2.3,0.1
Cibenzoline,6000,nM,Peak sodium,12.8,0.1
Cibenzoline,6000,nM,Peak sodium,18.3,0.1
Cibenzoline,6000,nM,Peak sodium,21.2,0.1
Cibenzoline,60000,nM,Peak sodium,70.3,0.1
Cibenzoline,60000,nM,Peak sodium,84.9,0.1
Cibenzoline,60000,nM,Peak sodium,77.9,0.1
Cisapride,2.5,nM,Kv4.3,5.4,0.1
Cisapride,2.5,nM,Kv4.3,0.3,0.1
Cisapride,2.5,nM,Kv4.3,10.3,0.1
Cisapride,7.5,nM,Kv4.3,10.5,0.1
Cisapride,7.5,nM,Kv4.3,8.9,0.1
Cisapride,7.5,nM,Kv4.3,0.3,0.1
Cisapride,25,nM,Kv4.3,9.5,0.1
Cisapride,25,nM,Kv4.3,6.1,0.1
Cisapride,25,nM,Kv4.3,21.1,0.1
Cisapride,125,nM,Kv4.3,17.7,0.1
Cisapride,125,nM,Kv4.3,14.1,0.1
Cisapride,125,nM,Kv4.3,7.7,0.1
Cisapride,2.5,nM,Late sodium,0,0.1
Cisapride,2.5,nM,Late sodium,0,0.1
Cisapride,2.5,nM,Late sodium,0,0.1
Cisapride,7.5,nM,Late sodium,0,0.1
Cisapride,7.5,nM,Late sodium,0,0.1
Cisapride,7.5,nM,Late sodium,0,0.1
Cisapride,25,nM,Late sodium,0,0.1
Cisapride,25,nM,Late sodium,0,0.1
Cisapride,25,nM,Late sodium,0,0.1
Cisapride,125,nM,Late sodium,0,0.1
Cisapride,125,nM,Late sodium,0,0.1
Cisapride,125,nM,Late sodium,0,0.1
Cisapride,2.5,nM,Calcium,0,0.1
Cisapride,2.5,nM,Calcium,0,0.1
Cisapride,2.5,nM,Calcium,0,0.1
Cisapride,7.5,nM,Calcium,0,0.1
Cisapride,7.5,nM,Calcium,0,0.1
Cisapride,7.5,nM,Calcium,0,0.1
Cisapride,25,nM,Calcium,0,0.1
Cisapride,25,nM,Calcium,0,0.1
Cisapride,25,nM,Calcium,2.5,0.1
Cisapride,125,nM,Calcium,0,0.1
Cisapride,125,nM,Calcium,0,0.1
Cisapride,125,nM,Calcium,2.2,0.1
Cisapride,2.5,nM,hERG,6.3,0.1
Cisapride,2.5,nM,hERG,9.2,0.1
Cisapride,2.5,nM,hERG,11,0.1
Cisapride,7.5,nM,hERG,29.6,0.1
Cisapride,7.5,nM,hERG,38.4,0.1
Cisapride,7.5,nM,hERG,42.8,0.1
Cisapride,25,nM,hERG,65.9,0.1
Cisapride,25,nM,hERG,73.2,0.1
Cisapride,25,nM,hERG,78.4,0.1
Cisapride,125,nM,hERG,95.1,0.1
Cisapride,125,nM,hERG,90.3,0.1
Cisapride,125,nM,hERG,100,0.1
Cisapride,2.5,nM,IK1,0,0.1
Cisapride,2.5,nM,IK1,0,0.1
Cisapride,2.5,nM,IK1,0,0.1
Cisapride,7.5,nM,IK1,0,0.1
Cisapride,7.5,nM,IK1,0,0.1
Cisapride,7.5,nM,IK1,0,0.1
Cisapride,25,nM,IK1,0,0.1
Cisapride,25,nM,IK1,0,0.1
Cisapride,25,nM,IK1,13.7,0.1
Cisapride,125,nM,IK1,14.6,0.1
Cisapride,125,nM,IK1,0,0.1
Cisapride,125,nM,IK1,1.2,0.1
Cisapride,2.5,nM,IKs,0,0.1
Cisapride,2.5,nM,IKs,0.01,0.1
Cisapride,2.5,nM,IKs,1.2,0.1
Cisapride,7.5,nM,IKs,0,0.1
Cisapride,7.5,nM,IKs,0.01,0.1
Cisapride,7.5,nM,IKs,1.8,0.1
Cisapride,25,nM,IKs,0,0.1
Cisapride,25,nM,IKs,2.2,0.1
Cisapride,25,nM,IKs,3.4,0.1
Cisapride,125,nM,IKs,0,0.1
Cisapride,125,nM,IKs,0.4,0.1
Cisapride,125,nM,IKs,4.9,0.1
Cisapride,2.5,nM,Peak sodium,0,0.1
Cisapride,2.5,nM,Peak sodium,0.4,0.1
Cisapride,2.5,nM,Peak sodium,1.1,0.1
Cisapride,7.5,nM,Peak sodium,0,0.1
Cisapride,7.5,nM,Peak sodium,2.9,0.1
Cisapride,7.5,nM,Peak sodium,1.7,0.1
Cisapride,25,nM,Peak sodium,3.8,0.1
Cisapride,25,nM,Peak sodium,6.1,0.1
Cisapride,25,nM,Peak sodium,0,0.1
Cisapride,25,nM,Peak sodium,0,0.1
Cisapride,125,nM,Peak sodium,6.1,0.1
Cisapride,125,nM,Peak sodium,0.7,0.1
Cisapride,125,nM,Peak sodium,0,0.1
Cisapride,125,nM,Peak sodium,2.9,0.1
Diltiazem,20,nM,Kv4.3,0.3,0.1
Diltiazem,20,nM,Kv4.3,0,0.1
Diltiazem,20,nM,Kv4.3,9.6,0.1
Diltiazem,150,nM,Kv4.3,5.5,0.1
Diltiazem,150,nM,Kv4.3,5.8,0.1
Diltiazem,150,nM,Kv4.3,9.8,0.1
Diltiazem,500,nM,Kv4.3,5.9,0.1
Diltiazem,500,nM,Kv4.3,2,0.1
Diltiazem,500,nM,Kv4.3,9.4,0.1
Diltiazem,12500,nM,Kv4.3,9.3,0.1
Diltiazem,12500,nM,Kv4.3,8,0.1
Diltiazem,12500,nM,Kv4.3,15.8,0.1
Diltiazem,20,nM,Late sodium,0,0.1
Diltiazem,20,nM,Late sodium,4.4,0.1
Diltiazem,20,nM,Late sodium,0,0.1
Diltiazem,150,nM,Late sodium,0,0.1
Diltiazem,150,nM,Late sodium,7.8,0.1
Diltiazem,150,nM,Late sodium,0.8,0.1
Diltiazem,500,nM,Late sodium,3.4,0.1
Diltiazem,500,nM,Late sodium,13.2,0.1
Diltiazem,500,nM,Late sodium,5.3,0.1
Diltiazem,12500,nM,Late sodium,42.4,0.1
Diltiazem,12500,nM,Late sodium,41.4,0.1
Diltiazem,12500,nM,Late sodium,38.1,0.1
Diltiazem,20,nM,Calcium,30.9,0.1
Diltiazem,20,nM,Calcium,22.4,0.1
Diltiazem,20,nM,Calcium,22.5,0.1
Diltiazem,150,nM,Calcium,64.3,0.1
Diltiazem,150,nM,Calcium,42.9,0.1
Diltiazem,150,nM,Calcium,43.5,0.1
Diltiazem,500,nM,Calcium,89.4,0.1
Diltiazem,500,nM,Calcium,75.3,0.1
Diltiazem,500,nM,Calcium,70.3,0.1
Diltiazem,12500,nM,Calcium,97.8,0.1
Diltiazem,12500,nM,Calcium,93.1,0.1
Diltiazem,12500,nM,Calcium,100,0.1
Diltiazem,20,nM,hERG,0,0.1
Diltiazem,20,nM,hERG,1.4,0.1
Diltiazem,20,nM,hERG,7.1,0.1
Diltiazem,150,nM,hERG,0,0.1
Diltiazem,150,nM,hERG,1.2,0.1
Diltiazem,150,nM,hERG,6.8,0.1
Diltiazem,500,nM,hERG,5.1,0.1
Diltiazem,500,nM,hERG,19.8,0.1
Diltiazem,500,nM,hERG,13.1,0.1
Diltiazem,12500,nM,hERG,64.2,0.1
Diltiazem,12500,nM,hERG,59.8,0.1
Diltiazem,12500,nM,hERG,62.9,0.1
Diltiazem,20,nM,IK1,0,0.1
Diltiazem,20,nM,IK1,7.9,0.1
Diltiazem,20,nM,IK1,1.3,0.1
Diltiazem,150,nM,IK1,0,0.1
Diltiazem,150,nM,IK1,6.8,0.1
Diltiazem,150,nM,IK1,6.3,0.1
Diltiazem,500,nM,IK1,5.6,0.1
Diltiazem,500,nM,IK1,0,0.1
Diltiazem,500,nM,IK1,9.1,0.1
Diltiazem,12500,nM,IK1,4.8,0.1
Diltiazem,12500,nM,IK1,0,0.1
Diltiazem,12500,nM,IK1,9,0.1
Diltiazem,20,nM,IKs,0,0.1
Diltiazem,20,nM,IKs,0.3,0.1
Diltiazem,20,nM,IKs,0,0.1
Diltiazem,150,nM,IKs,0,0.1
Diltiazem,150,nM,IKs,0,0.1
Diltiazem,150,nM,IKs,0,0.1
Diltiazem,500,nM,IKs,0,0.1
Diltiazem,500,nM,IKs,0,0.1
Diltiazem,500,nM,IKs,0,0.1
Diltiazem,12500,nM,IKs,0,0.1
Diltiazem,12500,nM,IKs,0,0.1
Diltiazem,12500,nM,IKs,0,0.1
Diltiazem,20,nM,Peak sodium,0,0.1
Diltiazem,20,nM,Peak sodium,0,0.1
Diltiazem,20,nM,Peak sodium,0,0.1
Diltiazem,150,nM,Peak sodium,0,0.1
Diltiazem,150,nM,Peak sodium,0,0.1
Diltiazem,150,nM,Peak sodium,0,0.1
Diltiazem,500,nM,Peak sodium,4.2,0.1
Diltiazem,500,nM,Peak sodium,0,0.1
Diltiazem,500,nM,Peak sodium,4.3,0.1
Diltiazem,12500,nM,Peak sodium,12.8,0.1
Diltiazem,12500,nM,Peak sodium,27.3,0.1
Diltiazem,12500,nM,Peak sodium,13.1,0.1
Dofetilide,1,nM,Kv4.3,4.3,0.1
Dofetilide,1,nM,Kv4.3,5.9,0.1
Dofetilide,1,nM,Kv4.3,3.9,0.1
Dofetilide,2,nM,Kv4.3,20.9,0.1
Dofetilide,2,nM,Kv4.3,16.9,0.1
Dofetilide,2,nM,Kv4.3,14.3,0.1
Dofetilide,3,nM,Kv4.3,26.9,0.1
Dofetilide,3,nM,Kv4.3,28.4,0.1
Dofetilide,3,nM,Kv4.3,14.3,0.1
Dofetilide,6,nM,Kv4.3,34.9,0.1
Dofetilide,6,nM,Kv4.3,24.1,0.1
Dofetilide,6,nM,Kv4.3,22.1,0.1
Dofetilide,1,nM,Late sodium,3.9,0.1
Dofetilide,1,nM,Late sodium,5.4,0.1
Dofetilide,1,nM,Late sodium,0,0.1
Dofetilide,2,nM,Late sodium,3.1,0.1
Dofetilide,2,nM,Late sodium,6.5,0.1
Dofetilide,2,nM,Late sodium,0,0.1
Dofetilide,3,nM,Late sodium,0,0.1
Dofetilide,3,nM,Late sodium,11.2,0.1
Dofetilide,3,nM,Late sodium,0,0.1
Dofetilide,6,nM,Late sodium,1.8,0.1
Dofetilide,6,nM,Late sodium,12.1,0.1
Dofetilide,6,nM,Late sodium,0,0.1
Dofetilide,1,nM,Calcium,0,0.1
Dofetilide,1,nM,Calcium,0.4,0.1
Dofetilide,1,nM,Calcium,0,0.1
Dofetilide,1,nM,Calcium,0,0.1
Dofetilide,2,nM,Calcium,0,0.1
Dofetilide,2,nM,Calcium,1.1,0.1
Dofetilide,2,nM,Calcium,0,0.1
Dofetilide,2,nM,Calcium,0,0.1
Dofetilide,3,nM,Calcium,2.1,0.1
Dofetilide,3,nM,Calcium,0,0.1
Dofetilide,3,nM,Calcium,0,0.1
Dofetilide,6,nM,Calcium,3.6,0.1
Dofetilide,6,nM,Calcium,0,0.1
Dofetilide,6,nM,Calcium,0,0.1
Dofetilide,0.1,nM,hERG,11,0.1
Dofetilide,0.1,nM,hERG,11.2,0.1
Dofetilide,1,nM,hERG,47.9,0.1
Dofetilide,1,nM,hERG,41.8,0.1
Dofetilide,1,nM,hERG,39.6,0.1
Dofetilide,1,nM,hERG,44.5,0.1
Dofetilide,1,nM,hERG,47.7,0.1
Dofetilide,2,nM,hERG,70.4,0.1
Dofetilide,2,nM,hERG,63.3,0.1
Dofetilide,2,nM,hERG,58.4,0.1
Dofetilide,2,nM,hERG,50.9,0.1
Dofetilide,2,nM,hERG,51.3,0.1
Dofetilide,3,nM,hERG,66.6,0.1
Dofetilide,3,nM,hERG,55.9,0.1
Dofetilide,3,nM,hERG,53.1,0.1
Dofetilide,6,nM,hERG,67.3,0.1
Dofetilide,6,nM,hERG,68.7,0.1
Dofetilide,6,nM,hERG,66.5,0.1
Dofetilide,1,nM,IK1,0,0.1
Dofetilide,1,nM,IK1,0.6,0.1
Dofetilide,1,nM,IK1,0,0.1
Dofetilide,2,nM,IK1,0,0.1
Dofetilide,2,nM,IK1,0,0.1
Dofetilide,2,nM,IK1,3,0.1
Dofetilide,3,nM,IK1,0,0.1
Dofetilide,3,nM,IK1,0,0.1
Dofetilide,3,nM,IK1,12.4,0.1
Dofetilide,6,nM,IK1,0,0.1
Dofetilide,6,nM,IK1,0,0.1
Dofetilide,6,nM,IK1,10.1,0.1
Dofetilide,1,nM,IKs,0,0.1
Dofetilide,1,nM,IKs,0,0.1
Dofetilide,1,nM,IKs,0,0.1
Dofetilide,2,nM,IKs,1.3,0.1
Dofetilide,2,nM,IKs,0,0.1
Dofetilide,2,nM,IKs,0,0.1
Dofetilide,3,nM,IKs,3.9,0.1
Dofetilide,3,nM,IKs,0,0.1
Dofetilide,3,nM,IKs,0,0.1
Dofetilide,6,nM,IKs,0.7,0.1
Dofetilide,6,nM,IKs,0,0.1
Dofetilide,6,nM,IKs,0,0.1
Dofetilide,1,nM,Peak sodium,0,0.1
Dofetilide,1,nM,Peak sodium,1.4,0.1
Dofetilide,1,nM,Peak sodium,0.1,0.1
Dofetilide,2,nM,Peak sodium,0.8,0.1
Dofetilide,2,nM,Peak sodium,0,0.1
Dofetilide,2,nM,Peak sodium,2.7,0.1
Dofetilide,3,nM,Peak sodium,0.6,0.1
Dofetilide,3,nM,Peak sodium,0,0.1
Dofetilide,3,nM,Peak sodium,2.5,0.1
Dofetilide,6,nM,Peak sodium,0.8,0.1
Dofetilide,6,nM,Peak sodium,1.5,0.1
Dofetilide,6,nM,Peak sodium,5.1,0.1
Flecainide,200,nM,Calcium,3.9,0.1
Flecainide,200,nM,Calcium,1.5,0.1
Flecainide,200,nM,Calcium,0,0.1
Flecainide,1000,nM,Calcium,0.1,0.1
Flecainide,1000,nM,Calcium,2.5,0.1
Flecainide,1000,nM,Calcium,0.6,0.1
Flecainide,4000,nM,Calcium,4.7,0.1
Flecainide,4000,nM,Calcium,9.6,0.1
Flecainide,4000,nM,Calcium,6.9,0.1
Flecainide,20000,nM,Calcium,30.3,0.1
Flecainide,20000,nM,Calcium,56.5,0.1
Flecainide,20000,nM,Calcium,37.9,0.1
Flecainide,200,nM,hERG,30,0.1
Flecainide,200,nM,hERG,24.1,0.1
Flecainide,200,nM,hERG,25.6,0.1
Flecainide,200,nM,hERG,24.1,0.1
Flecainide,1000,nM,hERG,54.7,0.1
Flecainide,1000,nM,hERG,68.2,0.1
Flecainide,1000,nM,hERG,52.6,0.1
Flecainide,4000,nM,hERG,81,0.1
Flecainide,4000,nM,hERG,78.8,0.1
Flecainide,4000,nM,hERG,79,0.1
Flecainide,20000,nM,hERG,92.8,0.1
Flecainide,20000,nM,hERG,100,0.1
Flecainide,20000,nM,hERG,95.5,0.1
Flecainide,200,nM,IK1,1.6,0.1
Flecainide,200,nM,IK1,0,0.1
Flecainide,200,nM,IK1,0,0.1
Flecainide,1000,nM,IK1,0,0.1
Flecainide,1000,nM,IK1,0.6,0.1
Flecainide,1000,nM,IK1,0,0.1
Flecainide,4000,nM,IK1,0,0.1
Flecainide,4000,nM,IK1,0,0.1
Flecainide,4000,nM,IK1,0,0.1
Flecainide,20000,nM,IK1,0,0.1
Flecainide,20000,nM,IK1,0,0.1
Flecainide,20000,nM,IK1,1,0.1
Flecainide,200,nM,IKs,0,0.1
Flecainide,200,nM,IKs,0,0.1
Flecainide,200,nM,IKs,0,0.1
Flecainide,1000,nM,IKs,0,0.1
Flecainide,1000,nM,IKs,1.1,0.1
Flecainide,1000,nM,IKs,0,0.1
Flecainide,4000,nM,IKs,0,0.1
Flecainide,4000,nM,IKs,0,0.1
Flecainide,4000,nM,IKs,0,0.1
Flecainide,20000,nM,IKs,14.7,0.1
Flecainide,20000,nM,IKs,23.3,0.1
Flecainide,20000,nM,IKs,13,0.1
Flecainide,20000,nM,IKs,20.5,0.1
Flecainide,200,nM,Kv4.3,11.3,0.1
Flecainide,200,nM,Kv4.3,8.6,0.1
Flecainide,200,nM,Kv4.3,11.9,0.1
Flecainide,1000,nM,Kv4.3,12.8,0.1
Flecainide,1000,nM,Kv4.3,18.1,0.1
Flecainide,1000,nM,Kv4.3,13.4,0.1
Flecainide,4000,nM,Kv4.3,34.8,0.1
Flecainide,4000,nM,Kv4.3,36.1,0.1
Flecainide,4000,nM,Kv4.3,30.6,0.1
Flecainide,20000,nM,Kv4.3,68.1,0.1
Flecainide,20000,nM,Kv4.3,58.6,0.1
Flecainide,20000,nM,Kv4.3,67.9,0.1
Flecainide,200,nM,Late sodium,1.8,0.1
Flecainide,200,nM,Late sodium,6.8,0.1
Flecainide,200,nM,Late sodium,1.7,0.1
Flecainide,1000,nM,Late sodium,16.7,0.1
Flecainide,1000,nM,Late sodium,20.4,0.1
Flecainide,1000,nM,Late sodium,14.1,0.1
Flecainide,4000,nM,Late sodium,24.5,0.1
Flecainide,4000,nM,Late sodium,28.7,0.1
Flecainide,4000,nM,Late sodium,17.6,0.1
Flecainide,20000,nM,Late sodium,52.3,0.1
Flecainide,20000,nM,Late sodium,51.8,0.1
Flecainide,20000,nM,Late sodium,49.1,0.1
Flecainide,20000,nM,Late sodium,53.6,0.1
Flecainide,200,nM,Peak sodium,0,0.1
Flecainide,200,nM,Peak sodium,0.6,0.1
Flecainide,200,nM,Peak sodium,0,0.1
Flecainide,1000,nM,Peak sodium,0,0.1
Flecainide,1000,nM,Peak sodium,4.3,0.1
Flecainide,1000,nM,Peak sodium,0.5,0.1
Flecainide,4000,nM,Peak sodium,21.4,0.1
Flecainide,4000,nM,Peak sodium,33.3,0.1
Flecainide,4000,nM,Peak sodium,28.5,0.1
Flecainide,20000,nM,Peak sodium,77.6,0.1
Flecainide,20000,nM,Peak sodium,88.5,0.1
Flecainide,20000,nM,Peak sodium,99.8,0.1
Lidocaine,625,nM,Calcium,1.2,0.1
Lidocaine,625,nM,Calcium,0,0.1
Lidocaine,625,nM,Calcium,0,0.1
Lidocaine,625,nM,Calcium,1.3,0.1
Lidocaine,625,nM,Calcium,0,0.1
Lidocaine,2500,nM,Calcium,0,0.1
Lidocaine,2500,nM,Calcium,0,0.1
Lidocaine,2500,nM,Calcium,3.3,0.1
Lidocaine,2500,nM,Calcium,0,0.1
Lidocaine,5000,nM,Calcium,0,0.1
Lidocaine,5000,nM,Calcium,0,0.1
Lidocaine,5000,nM,Calcium,0,0.1
Lidocaine,10000,nM,Calcium,0,0.1
Lidocaine,10000,nM,Calcium,0,0.1
Lidocaine,10000,nM,Calcium,0,0.1
Lidocaine,625,nM,hERG,0,0.1
Lidocaine,625,nM,hERG,0,0.1
Lidocaine,625,nM,hERG,1.5,0.1
Lidocaine,2500,nM,hERG,0,0.1
Lidocaine,2500,nM,hERG,1,0.1
Lidocaine,2500,nM,hERG,2.7,0.1
Lidocaine,5000,nM,hERG,0,0.1
Lidocaine,5000,nM,hERG,0.4,0.1
Lidocaine,5000,nM,hERG,1.9,0.1
Lidocaine,10000,nM,hERG,1.8,0.1
Lidocaine,10000,nM,hERG,3.9,0.1
Lidocaine,10000,nM,hERG,5.4,0.1
Lidocaine,625,nM,IK1,0,0.1
Lidocaine,625,nM,IK1,0,0.1
Lidocaine,625,nM,IK1,3.6,0.1
Lidocaine,2500,nM,IK1,0,0.1
Lidocaine,2500,nM,IK1,0,0.1
Lidocaine,2500,nM,IK1,6.9,0.1
Lidocaine,5000,nM,IK1,0,0.1
Lidocaine,5000,nM,IK1,0,0.1
Lidocaine,5000,nM,IK1,19.5,0.1
Lidocaine,10000,nM,IK1,0,0.1
Lidocaine,10000,nM,IK1,0,0.1
Lidocaine,10000,nM,IK1,10.3,0.1
Lidocaine,625,nM,IKs,0,0.1
Lidocaine,625,nM,IKs,0,0.1
Lidocaine,625,nM,IKs,0,0.1
Lidocaine,2500,nM,IKs,0,0.1
Lidocaine,2500,nM,IKs,0,0.1
Lidocaine,2500,nM,IKs,0,0.1
Lidocaine,5000,nM,IKs,0,0.1
Lidocaine,5000,nM,IKs,0,0.1
Lidocaine,5000,nM,IKs,0,0.1
Lidocaine,10000,nM,IKs,0,0.1
Lidocaine,10000,nM,IKs,0,0.1
Lidocaine,10000,nM,IKs,0,0.1
Lidocaine,625,nM,Kv4.3,NA,0.1
Lidocaine,625,nM,Kv4.3,NA,0.1
Lidocaine,625,nM,Kv4.3,NA,0.1
Lidocaine,2500,nM,Kv4.3,7.4,0.1
Lidocaine,2500,nM,Kv4.3,5.9,0.1
Lidocaine,2500,nM,Kv4.3,5.6,0.1
Lidocaine,5000,nM,Kv4.3,6.6,0.1
Lidocaine,5000,nM,Kv4.3,1.1,0.1
Lidocaine,5000,nM,Kv4.3,8,0.1
Lidocaine,10000,nM,Kv4.3,5.1,0.1
Lidocaine,10000,nM,Kv4.3,2.2,0.1
Lidocaine,10000,nM,Kv4.3,4.4,0.1
Lidocaine,15000,nM,Kv4.3,4.1,0.1
Lidocaine,15000,nM,Kv4.3,3.4,0.1
Lidocaine,15000,nM,Kv4.3,10.6,0.1
Lidocaine,625,nM,Late sodium,1.7,0.1
Lidocaine,625,nM,Late sodium,4.5,0.1
Lidocaine,625,nM,Late sodium,5.7,0.1
Lidocaine,2500,nM,Late sodium,13.3,0.1
Lidocaine,2500,nM,Late sodium,15,0.1
Lidocaine,2500,nM,Late sodium,9.2,0.1
Lidocaine,5000,nM,Late sodium,29.1,0.1
Lidocaine,5000,nM,Late sodium,32.6,0.1
Lidocaine,5000,nM,Late sodium,20.8,0.1
Lidocaine,10000,nM,Late sodium,40.9,0.1
Lidocaine,10000,nM,Late sodium,49.1,0.1
Lidocaine,10000,nM,Late sodium,52.8,0.1
Lidocaine,625,nM,Peak sodium,0,0.1
Lidocaine,625,nM,Peak sodium,0.7,0.1
Lidocaine,625,nM,Peak sodium,0,0.1
Lidocaine,2500,nM,Peak sodium,0,0.1
Lidocaine,2500,nM,Peak sodium,7.3,0.1
Lidocaine,2500,nM,Peak sodium,0,0.1
Lidocaine,5000,nM,Peak sodium,4.6,0.1
Lidocaine,5000,nM,Peak sodium,3.3,0.1
Lidocaine,5000,nM,Peak sodium,4.9,0.1
Lidocaine,10000,nM,Peak sodium,32.8,0.1
Lidocaine,10000,nM,Peak sodium,10.7,0.1
Lidocaine,10000,nM,Peak sodium,10.9,0.1
Lopinavir,700,nM,Calcium,2.4,0.1
Lopinavir,700,nM,Calcium,4.9,0.1
Lopinavir,700,nM,Calcium,12,0.1
Lopinavir,2100,nM,Calcium,11.7,0.1
Lopinavir,2100,nM,Calcium,7.6,0.1
Lopinavir,2100,nM,Calcium,21.7,0.1
Lopinavir,7000,nM,Calcium,40.3,0.1
Lopinavir,7000,nM,Calcium,22.5,0.1
Lopinavir,7000,nM,Calcium,19.4,0.1
Lopinavir,35000,nM,Calcium,56.7,0.1
Lopinavir,35000,nM,Calcium,70.9,0.1
Lopinavir,35000,nM,Calcium,85.9,0.1
Lopinavir,700,nM,hERG,5.9,0.1
Lopinavir,700,nM,hERG,8.8,0.1
Lopinavir,700,nM,hERG,9.3,0.1
Lopinavir,2100,nM,hERG,14.5,0.1
Lopinavir,2100,nM,hERG,30.6,0.1
Lopinavir,2100,nM,hERG,24.1,0.1
Lopinavir,7000,nM,hERG,56.6,0.1
Lopinavir,7000,nM,hERG,61,0.1
Lopinavir,7000,nM,hERG,68.3,0.1
Lopinavir,7000,nM,hERG,59,0.1
Lopinavir,35000,nM,hERG,71.7,0.1
Lopinavir,35000,nM,hERG,99.4,0.1
Lopinavir,35000,nM,hERG,91.1,0.1
Lopinavir,700,nM,IK1,0,0.1
Lopinavir,700,nM,IK1,0,0.1
Lopinavir,700,nM,IK1,0,0.1
Lopinavir,2100,nM,IK1,0,0.1
Lopinavir,2100,nM,IK1,0,0.1
Lopinavir,2100,nM,IK1,0,0.1
Lopinavir,7000,nM,IK1,0,0.1
Lopinavir,7000,nM,IK1,0,0.1
Lopinavir,7000,nM,IK1,0,0.1
Lopinavir,35000,nM,IK1,0,0.1
Lopinavir,35000,nM,IK1,0,0.1
Lopinavir,35000,nM,IK1,0,0.1
Lopinavir,700,nM,IKs,0.2,0.1
Lopinavir,700,nM,IKs,1.4,0.1
Lopinavir,700,nM,IKs,1.8,0.1
Lopinavir,2100,nM,IKs,2,0.1
Lopinavir,2100,nM,IKs,3.5,0.1
Lopinavir,2100,nM,IKs,3.2,0.1
Lopinavir,7000,nM,IKs,4.7,0.1
Lopinavir,7000,nM,IKs,3.9,0.1
Lopinavir,7000,nM,IKs,6.3,0.1
Lopinavir,35000,nM,IKs,4.3,0.1
Lopinavir,35000,nM,IKs,4.4,0.1
Lopinavir,35000,nM,IKs,6.5,0.1
Lopinavir,35000,nM,IKs,9.9,0.1
Lopinavir,35000,nM,IKs,3.1,0.1
Lopinavir,700,nM,Kv4.3,1.1,0.1
Lopinavir,700,nM,Kv4.3,0,0.1
Lopinavir,700,nM,Kv4.3,0,0.1
Lopinavir,2100,nM,Kv4.3,11.3,0.1
Lopinavir,2100,nM,Kv4.3,3.9,0.1
Lopinavir,2100,nM,Kv4.3,7.4,0.1
Lopinavir,7000,nM,Kv4.3,7.3,0.1
Lopinavir,7000,nM,Kv4.3,6.8,0.1
Lopinavir,7000,nM,Kv4.3,5.5,0.1
Lopinavir,35000,nM,Kv4.3,45.9,0.1
Lopinavir,35000,nM,Kv4.3,24.3,0.1
Lopinavir,35000,nM,Kv4.3,31.8,0.1
Lopinavir,700,nM,Late sodium,0,0.1
Lopinavir,700,nM,Late sodium,0,0.1
Lopinavir,700,nM,Late sodium,0.2,0.1
Lopinavir,2100,nM,Late sodium,0,0.1
Lopinavir,2100,nM,Late sodium,0,0.1
Lopinavir,2100,nM,Late sodium,0,0.1
Lopinavir,7000,nM,Late sodium,0,0.1
Lopinavir,7000,nM,Late sodium,0,0.1
Lopinavir,7000,nM,Late sodium,0,0.1
Lopinavir,35000,nM,Late sodium,1.5,0.1
Lopinavir,35000,nM,Late sodium,5.1,0.1
Lopinavir,35000,nM,Late sodium,8.4,0.1
Lopinavir,700,nM,Peak sodium,1.4,0.1
Lopinavir,700,nM,Peak sodium,0.1,0.1
Lopinavir,700,nM,Peak sodium,0,0.1
Lopinavir,2100,nM,Peak sodium,3.1,0.1
Lopinavir,2100,nM,Peak sodium,0,0.1
Lopinavir,2100,nM,Peak sodium,0,0.1
Lopinavir,7000,nM,Peak sodium,4.4,0.1
Lopinavir,7000,nM,Peak sodium,0,0.1
Lopinavir,7000,nM,Peak sodium,0.5,0.1
Lopinavir,35000,nM,Peak sodium,16.8,0.1
Lopinavir,35000,nM,Peak sodium,19.9,0.1
Lopinavir,35000,nM,Peak sodium,0,0.1
Mexiletine,625,nM,Calcium,0.2,0.1
Mexiletine,625,nM,Calcium,0,0.1
Mexiletine,625,nM,Calcium,1.1,0.1
Mexiletine,2500,nM,Calcium,6.1,0.1
Mexiletine,2500,nM,Calcium,0,0.1
Mexiletine,2500,nM,Calcium,8.2,0.1
Mexiletine,5000,nM,Calcium,14,0.1
Mexiletine,5000,nM,Calcium,7.6,0.1
Mexiletine,5000,nM,Calcium,15.9,0.1
Mexiletine,10000,nM,Calcium,21.5,0.1
Mexiletine,10000,nM,Calcium,13.9,0.1
Mexiletine,10000,nM,Calcium,23.1,0.1
Mexiletine,625,nM,hERG,0.6,0.1
Mexiletine,625,nM,hERG,0.3,0.1
Mexiletine,625,nM,hERG,0,0.1
Mexiletine,2500,nM,hERG,0.8,0.1
Mexiletine,2500,nM,hERG,0.2,0.1
Mexiletine,2500,nM,hERG,0.6,0.1
Mexiletine,5000,nM,hERG,2.2,0.1
Mexiletine,5000,nM,hERG,2.4,0.1
Mexiletine,5000,nM,hERG,0,0.1
Mexiletine,10000,nM,hERG,15.1,0.1
Mexiletine,10000,nM,hERG,4.1,0.1
Mexiletine,10000,nM,hERG,8,0.1
Mexiletine,625,nM,IK1,2.4,0.1
Mexiletine,625,nM,IK1,0,0.1
Mexiletine,625,nM,IK1,1.3,0.1
Mexiletine,2500,nM,IK1,0.4,0.1
Mexiletine,2500,nM,IK1,0,0.1
Mexiletine,2500,nM,IK1,0.3,0.1
Mexiletine,5000,nM,IK1,0.9,0.1
Mexiletine,5000,nM,IK1,0,0.1
Mexiletine,5000,nM,IK1,5.3,0.1
Mexiletine,10000,nM,IK1,0,0.1
Mexiletine,10000,nM,IK1,0,0.1
Mexiletine,10000,nM,IK1,1.8,0.1
Mexiletine,625,nM,IKs,0,0.1
Mexiletine,625,nM,IKs,0,0.1
Mexiletine,625,nM,IKs,0,0.1
Mexiletine,2500,nM,IKs,0,0.1
Mexiletine,2500,nM,IKs,0,0.1
Mexiletine,2500,nM,IKs,0,0.1
Mexiletine,5000,nM,IKs,0,0.1
Mexiletine,5000,nM,IKs,0,0.1
Mexiletine,5000,nM,IKs,0,0.1
Mexiletine,10000,nM,IKs,0,0.1
Mexiletine,10000,nM,IKs,0,0.1
Mexiletine,10000,nM,IKs,0,0.1
Mexiletine,625,nM,Kv4.3,3.1,0.1
Mexiletine,625,nM,Kv4.3,2.4,0.1
Mexiletine,625,nM,Kv4.3,0,0.1
Mexiletine,2500,nM,Kv4.3,2.2,0.1
Mexiletine,2500,nM,Kv4.3,2.4,0.1
Mexiletine,2500,nM,Kv4.3,0.02,0.1
Mexiletine,5000,nM,Kv4.3,2.8,0.1
Mexiletine,5000,nM,Kv4.3,2.9,0.1
Mexiletine,5000,nM,Kv4.3,1,0.1
Mexiletine,10000,nM,Kv4.3,2.2,0.1
Mexiletine,10000,nM,Kv4.3,0.8,0.1
Mexiletine,10000,nM,Kv4.3,1,0.1
Mexiletine,10000,nM,Kv4.3,0,0.1
Mexiletine,625,nM,Late sodium,1.7,0.1
Mexiletine,625,nM,Late sodium,4.2,0.1
Mexiletine,625,nM,Late sodium,1.6,0.1
Mexiletine,2500,nM,Late sodium,13.6,0.1
Mexiletine,2500,nM,Late sodium,6.4,0.1
Mexiletine,2500,nM,Late sodium,10.4,0.1
Mexiletine,5000,nM,Late sodium,36.9,0.1
Mexiletine,5000,nM,Late sodium,26.8,0.1
Mexiletine,5000,nM,Late sodium,41.7,0.1
Mexiletine,10000,nM,Late sodium,54.9,0.1
Mexiletine,10000,nM,Late sodium,41.7,0.1
Mexiletine,10000,nM,Late sodium,59.2,0.1
Mexiletine,625,nM,Peak sodium,0,0.1
Mexiletine,625,nM,Peak sodium,0,0.1
Mexiletine,625,nM,Peak sodium,3.4,0.1
Mexiletine,2500,nM,Peak sodium,0,0.1
Mexiletine,2500,nM,Peak sodium,0,0.1
Mexiletine,2500,nM,Peak sodium,2.4,0.1
Mexiletine,5000,nM,Peak sodium,0,0.1
Mexiletine,5000,nM,Peak sodium,0,0.1
Mexiletine,5000,nM,Peak sodium,0,0.1
Mexiletine,10000,nM,Peak sodium,1,0.1
Mexiletine,10000,nM,Peak sodium,4.4,0.1
Mexiletine,10000,nM,Peak sodium,13,0.1
Mibefradil,12,nM,Calcium,0.7,0.1
Mibefradil,12,nM,Calcium,3.6,0.1
Mibefradil,12,nM,Calcium,0,0.1
Mibefradil,120,nM,Calcium,11.7,0.1
Mibefradil,120,nM,Calcium,13.9,0.1
Mibefradil,120,nM,Calcium,9.2,0.1
Mibefradil,1200,nM,Calcium,54.1,0.1
Mibefradil,1200,nM,Calcium,82.4,0.1
Mibefradil,1200,nM,Calcium,67.7,0.1
Mibefradil,12000,nM,Calcium,86.7,0.1
Mibefradil,12000,nM,Calcium,98.4,0.1
Mibefradil,12000,nM,Calcium,85.9,0.1
Mibefradil,12,nM,hERG,5.6,0.1
Mibefradil,12,nM,hERG,15.2,0.1
Mibefradil,12,nM,hERG,16.5,0.1
Mibefradil,120,nM,hERG,29.8,0.1
Mibefradil,120,nM,hERG,30.9,0.1
Mibefradil,120,nM,hERG,21.4,0.1
Mibefradil,1200,nM,hERG,79.1,0.1
Mibefradil,1200,nM,hERG,86.5,0.1
Mibefradil,1200,nM,hERG,70,0.1
Mibefradil,12000,nM,hERG,100,0.1
Mibefradil,12000,nM,hERG,97.2,0.1
Mibefradil,12000,nM,hERG,88.9,0.1
Mibefradil,12,nM,IK1,0,0.1
Mibefradil,12,nM,IK1,0,0.1
Mibefradil,12,nM,IK1,0,0.1
Mibefradil,120,nM,IK1,0,0.1
Mibefradil,120,nM,IK1,0,0.1
Mibefradil,120,nM,IK1,0,0.1
Mibefradil,1200,nM,IK1,6.5,0.1
Mibefradil,1200,nM,IK1,8.3,0.1
Mibefradil,1200,nM,IK1,7.2,0.1
Mibefradil,12000,nM,IK1,22.3,0.1
Mibefradil,12000,nM,IK1,25.1,0.1
Mibefradil,12000,nM,IK1,31.2,0.1
Mibefradil,12,nM,IKs,0,0.1
Mibefradil,12,nM,IKs,5.4,0.1
Mibefradil,12,nM,IKs,0,0.1
Mibefradil,120,nM,IKs,0,0.1
Mibefradil,120,nM,IKs,4.1,0.1
Mibefradil,120,nM,IKs,3,0.1
Mibefradil,1200,nM,IKs,0,0.1
Mibefradil,1200,nM,IKs,4.9,0.1
Mibefradil,1200,nM,IKs,0.8,0.1
Mibefradil,12000,nM,IKs,3.6,0.1
Mibefradil,12000,nM,IKs,8.9,0.1
Mibefradil,12000,nM,IKs,3.6,0.1
Mibefradil,12000,nM,IKs,2.2,0.1
Mibefradil,12000,nM,IKs,7.1,0.1
Mibefradil,12,nM,Kv4.3,0,0.1
Mibefradil,12,nM,Kv4.3,0,0.1
Mibefradil,12,nM,Kv4.3,0,0.1
Mibefradil,120,nM,Kv4.3,0,0.1
Mibefradil,120,nM,Kv4.3,1.4,0.1
Mibefradil,120,nM,Kv4.3,1.9,0.1
Mibefradil,1200,nM,Kv4.3,1.5,0.1
Mibefradil,1200,nM,Kv4.3,0,0.1
Mibefradil,1200,nM,Kv4.3,3,0.1
Mibefradil,12000,nM,Kv4.3,4,0.1
Mibefradil,12000,nM,Kv4.3,1.3,0.1
Mibefradil,12000,nM,Kv4.3,6.5,0.1
Mibefradil,12000,nM,Kv4.3,5.2,0.1
Mibefradil,12000,nM,Kv4.3,10.4,0.1
Mibefradil,12,nM,Late sodium,1.7,0.1
Mibefradil,12,nM,Late sodium,0,0.1
Mibefradil,12,nM,Late sodium,0.2,0.1
Mibefradil,120,nM,Late sodium,9.1,0.1
Mibefradil,120,nM,Late sodium,0,0.1
Mibefradil,120,nM,Late sodium,0.4,0.1
Mibefradil,1200,nM,Late sodium,28.8,0.1
Mibefradil,1200,nM,Late sodium,12.1,0.1
Mibefradil,1200,nM,Late sodium,19,0.1
Mibefradil,12000,nM,Late sodium,79.7,0.1
Mibefradil,12000,nM,Late sodium,87.3,0.1
Mibefradil,12000,nM,Late sodium,77.9,0.1
Mibefradil,12,nM,Peak sodium,0,0.1
Mibefradil,12,nM,Peak sodium,0.6,0.1
Mibefradil,12,nM,Peak sodium,0,0.1
Mibefradil,120,nM,Peak sodium,0,0.1
Mibefradil,120,nM,Peak sodium,3.2,0.1
Mibefradil,120,nM,Peak sodium,0,0.1
Mibefradil,1200,nM,Peak sodium,12.6,0.1
Mibefradil,1200,nM,Peak sodium,16.8,0.1
Mibefradil,1200,nM,Peak sodium,26.6,0.1
Mibefradil,12000,nM,Peak sodium,52.6,0.1
Mibefradil,12000,nM,Peak sodium,73.6,0.1
Mibefradil,12000,nM,Peak sodium,72.3,0.1
Moxifloxacin,7000,nM,Calcium,0,0.1
Moxifloxacin,7000,nM,Calcium,0,0.1
Moxifloxacin,7000,nM,Calcium,0,0.1
Moxifloxacin,21000,nM,Calcium,0,0.1
Moxifloxacin,21000,nM,Calcium,0,0.1
Moxifloxacin,21000,nM,Calcium,0,0.1
Moxifloxacin,70000,nM,Calcium,0,0.1
Moxifloxacin,70000,nM,Calcium,0,0.1
Moxifloxacin,70000,nM,Calcium,0,0.1
Moxifloxacin,350000,nM,Calcium,2.9,0.1
Moxifloxacin,350000,nM,Calcium,0,0.1
Moxifloxacin,350000,nM,Calcium,14.2,0.1
Moxifloxacin,7000,nM,hERG,19.6,0.1
Moxifloxacin,7000,nM,hERG,16.5,0.1
Moxifloxacin,7000,nM,hERG,15.3,0.1
Moxifloxacin,21000,nM,hERG,28.3,0.1
Moxifloxacin,21000,nM,hERG,24.6,0.1
Moxifloxacin,21000,nM,hERG,24.1,0.1
Moxifloxacin,70000,nM,hERG,39.4,0.1
Moxifloxacin,70000,nM,hERG,51.8,0.1
Moxifloxacin,70000,nM,hERG,48.9,0.1
Moxifloxacin,350000,nM,hERG,68.1,0.1
Moxifloxacin,350000,nM,hERG,60.6,0.1
Moxifloxacin,350000,nM,hERG,75.2,0.1
Moxifloxacin,350000,nM,hERG,75.6,0.1
Moxifloxacin,7000,nM,IK1,11,0.1
Moxifloxacin,7000,nM,IK1,0,0.1
Moxifloxacin,7000,nM,IK1,0,0.1
Moxifloxacin,21000,nM,IK1,12.1,0.1
Moxifloxacin,21000,nM,IK1,0,0.1
Moxifloxacin,21000,nM,IK1,0,0.1
Moxifloxacin,70000,nM,IK1,0,0.1
Moxifloxacin,70000,nM,IK1,0,0.1
Moxifloxacin,70000,nM,IK1,0,0.1
Moxifloxacin,70000,nM,IK1,0,0.1
Moxifloxacin,350000,nM,IK1,9.9,0.1
Moxifloxacin,350000,nM,IK1,0,0.1
Moxifloxacin,350000,nM,IK1,0,0.1
Moxifloxacin,7000,nM,IKs,0,0.1
Moxifloxacin,7000,nM,IKs,7.9,0.1
Moxifloxacin,7000,nM,IKs,0.7,0.1
Moxifloxacin,7000,nM,IKs,3.9,0.1
Moxifloxacin,7000,nM,IKs,15.5,0.1
Moxifloxacin,21000,nM,IKs,35.8,0.1
Moxifloxacin,21000,nM,IKs,34.1,0.1
Moxifloxacin,21000,nM,IKs,22.7,0.1
Moxifloxacin,21000,nM,IKs,39.6,0.1
Moxifloxacin,21000,nM,IKs,34.8,0.1
Moxifloxacin,70000,nM,IKs,49.7,0.1
Moxifloxacin,70000,nM,IKs,78.3,0.1
Moxifloxacin,70000,nM,IKs,35,0.1
Moxifloxacin,70000,nM,IKs,83.4,0.1
Moxifloxacin,70000,nM,IKs,54.8,0.1
Moxifloxacin,350000,nM,IKs,73.1,0.1
Moxifloxacin,350000,nM,IKs,97.2,0.1
Moxifloxacin,350000,nM,IKs,65.1,0.1
Moxifloxacin,350000,nM,IKs,100,0.1
Moxifloxacin,350000,nM,IKs,76.4,0.1
Moxifloxacin,7000,nM,Kv4.3,0.2,0.1
Moxifloxacin,7000,nM,Kv4.3,0,0.1
Moxifloxacin,7000,nM,Kv4.3,0,0.1
Moxifloxacin,21000,nM,Kv4.3,0.04,0.1
Moxifloxacin,21000,nM,Kv4.3,1.9,0.1
Moxifloxacin,21000,nM,Kv4.3,4.6,0.1
Moxifloxacin,70000,nM,Kv4.3,0,0.1
Moxifloxacin,70000,nM,Kv4.3,0,0.1
Moxifloxacin,70000,nM,Kv4.3,0,0.1
Moxifloxacin,350000,nM,Kv4.3,2,0.1
Moxifloxacin,350000,nM,Kv4.3,4.3,0.1
Moxifloxacin,350000,nM,Kv4.3,16.7,0.1
Moxifloxacin,7000,nM,Late sodium,1.9,0.1
Moxifloxacin,7000,nM,Late sodium,2,0.1
Moxifloxacin,7000,nM,Late sodium,1.7,0.1
Moxifloxacin,21000,nM,Late sodium,8.1,0.1
Moxifloxacin,21000,nM,Late sodium,0,0.1
Moxifloxacin,21000,nM,Late sodium,2.8,0.1
Moxifloxacin,70000,nM,Late sodium,15.9,0.1
Moxifloxacin,70000,nM,Late sodium,9,0.1
Moxifloxacin,70000,nM,Late sodium,13.9,0.1
Moxifloxacin,350000,nM,Late sodium,54.3,0.1
Moxifloxacin,350000,nM,Late sodium,49.3,0.1
Moxifloxacin,350000,nM,Late sodium,39.1,0.1
Moxifloxacin,7000,nM,Peak sodium,2.4,0.1
Moxifloxacin,7000,nM,Peak sodium,0,0.1
Moxifloxacin,7000,nM,Peak sodium,0,0.1
Moxifloxacin,21000,nM,Peak sodium,3.5,0.1
Moxifloxacin,21000,nM,Peak sodium,0,0.1
Moxifloxacin,21000,nM,Peak sodium,0,0.1
Moxifloxacin,70000,nM,Peak sodium,4.6,0.1
Moxifloxacin,70000,nM,Peak sodium,0,0.1
Moxifloxacin,70000,nM,Peak sodium,0,0.1
Moxifloxacin,350000,nM,Peak sodium,28.2,0.1
Moxifloxacin,350000,nM,Peak sodium,35.1,0.1
Moxifloxacin,350000,nM,Peak sodium,19.1,0.1
Moxifloxacin.M2,7000,nM,Calcium,NA,0.1
Moxifloxacin.M2,7000,nM,Calcium,NA,0.1
Moxifloxacin.M2,7000,nM,Calcium,NA,0.1
Moxifloxacin.M2,21000,nM,Calcium,NA,0.1
Moxifloxacin.M2,21000,nM,Calcium,NA,0.1
Moxifloxacin.M2,21000,nM,Calcium,NA,0.1
Moxifloxacin.M2,7000,nM,hERG,8.4,0.1
Moxifloxacin.M2,7000,nM,hERG,12.7,0.1
Moxifloxacin.M2,7000,nM,hERG,5.3,0.1
Moxifloxacin.M2,21000,nM,hERG,23.9,0.1
Moxifloxacin.M2,21000,nM,hERG,23.3,0.1
Moxifloxacin.M2,21000,nM,hERG,27.1,0.1
Moxifloxacin.M2,7000,nM,IKs,NA,0.1
Moxifloxacin.M2,7000,nM,IKs,NA,0.1
Moxifloxacin.M2,7000,nM,IKs,NA,0.1
Moxifloxacin.M2,21000,nM,IKs,NA,0.1
Moxifloxacin.M2,21000,nM,IKs,NA,0.1
Moxifloxacin.M2,21000,nM,IKs,NA,0.1
Nilotinib,60,nM,Calcium,0,0.1
Nilotinib,60,nM,Calcium,0.8,0.1
Nilotinib,60,nM,Calcium,1.4,0.1
Nilotinib,300,nM,Calcium,1.7,0.1
Nilotinib,300,nM,Calcium,1.8,0.1
Nilotinib,300,nM,Calcium,2.6,0.1
Nilotinib,1800,nM,Calcium,2.2,0.1
Nilotinib,1800,nM,Calcium,1.4,0.1
Nilotinib,1800,nM,Calcium,2.4,0.1
Nilotinib,6000,nM,Calcium,16.7,0.1
Nilotinib,6000,nM,Calcium,8.8,0.1
Nilotinib,6000,nM,Calcium,5.9,0.1
Nilotinib,60,nM,hERG,52.1,0.1
Nilotinib,60,nM,hERG,37.6,0.1
Nilotinib,60,nM,hERG,31.3,0.1
Nilotinib,300,nM,hERG,83.4,0.1
Nilotinib,300,nM,hERG,77.2,0.1
Nilotinib,300,nM,hERG,65.5,0.1
Nilotinib,1800,nM,hERG,95.1,0.1
Nilotinib,1800,nM,hERG,88.9,0.1
Nilotinib,1800,nM,hERG,84,0.1
Nilotinib,6000,nM,hERG,100,0.1
Nilotinib,6000,nM,hERG,100,0.1
Nilotinib,6000,nM,hERG,95.8,0.1
Nilotinib,60,nM,IK1,0,0.1
Nilotinib,60,nM,IK1,0,0.1
Nilotinib,60,nM,IK1,0,0.1
Nilotinib,300,nM,IK1,0,0.1
Nilotinib,300,nM,IK1,0,0.1
Nilotinib,300,nM,IK1,0,0.1
Nilotinib,1800,nM,IK1,0,0.1
Nilotinib,1800,nM,IK1,0,0.1
Nilotinib,1800,nM,IK1,0,0.1
Nilotinib,6000,nM,IK1,1.3,0.1
Nilotinib,6000,nM,IK1,0,0.1
Nilotinib,6000,nM,IK1,0,0.1
Nilotinib,60,nM,IKs,1.1,0.1
Nilotinib,60,nM,IKs,2,0.1
Nilotinib,60,nM,IKs,1.4,0.1
Nilotinib,300,nM,IKs,5.4,0.1
Nilotinib,300,nM,IKs,0.7,0.1
Nilotinib,300,nM,IKs,0.8,0.1
Nilotinib,1800,nM,IKs,0,0.1
Nilotinib,1800,nM,IKs,1.2,0.1
Nilotinib,1800,nM,IKs,2.9,0.1
Nilotinib,6000,nM,IKs,15.5,0.1
Nilotinib,6000,nM,IKs,9,0.1
Nilotinib,6000,nM,IKs,3.3,0.1
Nilotinib,60,nM,Kv4.3,0.7,0.1
Nilotinib,60,nM,Kv4.3,0,0.1
Nilotinib,60,nM,Kv4.3,0,0.1
Nilotinib,300,nM,Kv4.3,0.3,0.1
Nilotinib,300,nM,Kv4.3,0,0.1
Nilotinib,300,nM,Kv4.3,0,0.1
Nilotinib,1800,nM,Kv4.3,1.4,0.1
Nilotinib,1800,nM,Kv4.3,2.8,0.1
Nilotinib,1800,nM,Kv4.3,0.4,0.1
Nilotinib,6000,nM,Kv4.3,7.6,0.1
Nilotinib,6000,nM,Kv4.3,12,0.1
Nilotinib,6000,nM,Kv4.3,7.2,0.1
Nilotinib,6000,nM,Kv4.3,1.5,0.1
Nilotinib,60,nM,Late sodium,0,0.1
Nilotinib,60,nM,Late sodium,0.8,0.1
Nilotinib,60,nM,Late sodium,3.4,0.1
Nilotinib,300,nM,Late sodium,1.2,0.1
Nilotinib,300,nM,Late sodium,6.7,0.1
Nilotinib,300,nM,Late sodium,3.3,0.1
Nilotinib,1800,nM,Late sodium,9.8,0.1
Nilotinib,1800,nM,Late sodium,16.2,0.1
Nilotinib,1800,nM,Late sodium,14.8,0.1
Nilotinib,6000,nM,Late sodium,61.1,0.1
Nilotinib,6000,nM,Late sodium,48.7,0.1
Nilotinib,6000,nM,Late sodium,74.4,0.1
Nilotinib,60,nM,Peak sodium,0,0.1
Nilotinib,60,nM,Peak sodium,0,0.1
Nilotinib,60,nM,Peak sodium,0,0.1
Nilotinib,300,nM,Peak sodium,2.4,0.1
Nilotinib,300,nM,Peak sodium,0,0.1
Nilotinib,300,nM,Peak sodium,0.7,0.1
Nilotinib,1800,nM,Peak sodium,3.5,0.1
Nilotinib,1800,nM,Peak sodium,0,0.1
Nilotinib,1800,nM,Peak sodium,0,0.1
Nilotinib,6000,nM,Peak sodium,13.3,0.1
Nilotinib,6000,nM,Peak sodium,6,0.1
Nilotinib,6000,nM,Peak sodium,2.2,0.1
Ondansetron,200,nM,Calcium,0.3,0.1
Ondansetron,200,nM,Calcium,5.8,0.1
Ondansetron,200,nM,Calcium,6.5,0.1
Ondansetron,200,nM,Calcium,1.3,0.1
Ondansetron,1000,nM,Calcium,1,0.1
Ondansetron,1000,nM,Calcium,7.7,0.1
Ondansetron,1000,nM,Calcium,11.4,0.1
Ondansetron,4000,nM,Calcium,27.9,0.1
Ondansetron,4000,nM,Calcium,13.9,0.1
Ondansetron,4000,nM,Calcium,26.5,0.1
Ondansetron,20000,nM,Calcium,35.1,0.1
Ondansetron,20000,nM,Calcium,50.7,0.1
Ondansetron,20000,nM,Calcium,56.3,0.1
Ondansetron,200,nM,hERG,10.4,0.1
Ondansetron,200,nM,hERG,8.5,0.1
Ondansetron,200,nM,hERG,10,0.1
Ondansetron,1000,nM,hERG,65.5,0.1
Ondansetron,1000,nM,hERG,27.7,0.1
Ondansetron,1000,nM,hERG,37.3,0.1
Ondansetron,4000,nM,hERG,86.6,0.1
Ondansetron,4000,nM,hERG,60.6,0.1
Ondansetron,4000,nM,hERG,63.4,0.1
Ondansetron,20000,nM,hERG,90.3,0.1
Ondansetron,20000,nM,hERG,92.5,0.1
Ondansetron,20000,nM,hERG,93.7,0.1
Ondansetron,200,nM,IK1,0,0.1
Ondansetron,200,nM,IK1,0,0.1
Ondansetron,200,nM,IK1,0,0.1
Ondansetron,1000,nM,IK1,0,0.1
Ondansetron,1000,nM,IK1,0,0.1
Ondansetron,1000,nM,IK1,0,0.1
Ondansetron,4000,nM,IK1,0,0.1
Ondansetron,4000,nM,IK1,0,0.1
Ondansetron,4000,nM,IK1,0,0.1
Ondansetron,20000,nM,IK1,0.9,0.1
Ondansetron,20000,nM,IK1,5.6,0.1
Ondansetron,20000,nM,IK1,2.4,0.1
Ondansetron,20000,nM,IK1,NA,0.1
Ondansetron,200,nM,IKs,0,0.1
Ondansetron,200,nM,IKs,0,0.1
Ondansetron,200,nM,IKs,0,0.1
Ondansetron,1000,nM,IKs,0,0.1
Ondansetron,1000,nM,IKs,0,0.1
Ondansetron,1000,nM,IKs,3,0.1
Ondansetron,4000,nM,IKs,4.8,0.1
Ondansetron,4000,nM,IKs,0.03,0.1
Ondansetron,4000,nM,IKs,8.5,0.1
Ondansetron,20000,nM,IKs,10.8,0.1
Ondansetron,20000,nM,IKs,9.3,0.1
Ondansetron,20000,nM,IKs,9.7,0.1
Ondansetron,200,nM,Kv4.3,0,0.1
Ondansetron,200,nM,Kv4.3,0,0.1
Ondansetron,200,nM,Kv4.3,0,0.1
Ondansetron,1000,nM,Kv4.3,0,0.1
Ondansetron,1000,nM,Kv4.3,0,0.1
Ondansetron,1000,nM,Kv4.3,0,0.1
Ondansetron,4000,nM,Kv4.3,0,0.1
Ondansetron,4000,nM,Kv4.3,0,0.1
Ondansetron,4000,nM,Kv4.3,1.4,0.1
Ondansetron,20000,nM,Kv4.3,0.08,0.1
Ondansetron,20000,nM,Kv4.3,0,0.1
Ondansetron,20000,nM,Kv4.3,7.9,0.1
Ondansetron,20000,nM,Kv4.3,0,0.1
Ondansetron,200,nM,Late sodium,1.8,0.1
Ondansetron,200,nM,Late sodium,0.7,0.1
Ondansetron,200,nM,Late sodium,0.3,0.1
Ondansetron,1000,nM,Late sodium,6,0.1
Ondansetron,1000,nM,Late sodium,2.4,0.1
Ondansetron,1000,nM,Late sodium,16.2,0.1
Ondansetron,4000,nM,Late sodium,13.5,0.1
Ondansetron,4000,nM,Late sodium,12.8,0.1
Ondansetron,4000,nM,Late sodium,16.7,0.1
Ondansetron,20000,nM,Late sodium,58.2,0.1
Ondansetron,20000,nM,Late sodium,52.3,0.1
Ondansetron,20000,nM,Late sodium,44.4,0.1
Ondansetron,200,nM,Peak sodium,0,0.1
Ondansetron,200,nM,Peak sodium,1.9,0.1
Ondansetron,200,nM,Peak sodium,0,0.1
Ondansetron,1000,nM,Peak sodium,5.5,0.1
Ondansetron,1000,nM,Peak sodium,3,0.1
Ondansetron,1000,nM,Peak sodium,1.2,0.1
Ondansetron,4000,nM,Peak sodium,9.4,0.1
Ondansetron,4000,nM,Peak sodium,2.9,0.1
Ondansetron,4000,nM,Peak sodium,3.6,0.1
Ondansetron,20000,nM,Peak sodium,37.5,0.1
Ondansetron,20000,nM,Peak sodium,45.2,0.1
Ondansetron,20000,nM,Peak sodium,9.8,0.1
Ondansetron,20000,nM,Peak sodium,9.3,0.1
Propafenone,130,nM,Calcium,7.2,0.1
Propafenone,130,nM,Calcium,8,0.1
Propafenone,130,nM,Calcium,8.2,0.1
Propafenone,390,nM,Calcium,26,0.1
Propafenone,390,nM,Calcium,16.8,0.1
Propafenone,390,nM,Calcium,20.5,0.1
Propafenone,1300,nM,Calcium,42.9,0.1
Propafenone,1300,nM,Calcium,49.1,0.1
Propafenone,1300,nM,Calcium,58.2,0.1
Propafenone,6500,nM,Calcium,68.4,0.1
Propafenone,6500,nM,Calcium,77.6,0.1
Propafenone,6500,nM,Calcium,79.5,0.1
Propafenone,130,nM,hERG,17.6,0.1
Propafenone,130,nM,hERG,26.6,0.1
Propafenone,130,nM,hERG,27.6,0.1
Propafenone,390,nM,hERG,32,0.1
Propafenone,390,nM,hERG,41.3,0.1
Propafenone,390,nM,hERG,64.7,0.1
Propafenone,390,nM,hERG,48.8,0.1
Propafenone,1300,nM,hERG,58.4,0.1
Propafenone,1300,nM,hERG,69.2,0.1
Propafenone,1300,nM,hERG,78.9,0.1
Propafenone,1300,nM,hERG,74.4,0.1
Propafenone,6500,nM,hERG,87.1,0.1
Propafenone,6500,nM,hERG,82.4,0.1
Propafenone,6500,nM,hERG,89.5,0.1
Propafenone,130,nM,IK1,0,0.1
Propafenone,130,nM,IK1,0,0.1
Propafenone,130,nM,IK1,0,0.1
Propafenone,390,nM,IK1,0,0.1
Propafenone,390,nM,IK1,0,0.1
Propafenone,390,nM,IK1,0,0.1
Propafenone,1300,nM,IK1,0,0.1
Propafenone,1300,nM,IK1,0,0.1
Propafenone,1300,nM,IK1,0,0.1
Propafenone,6500,nM,IK1,5.3,0.1
Propafenone,6500,nM,IK1,3.8,0.1
Propafenone,6500,nM,IK1,1.1,0.1
Propafenone,130,nM,IKs,0.1,0.1
Propafenone,130,nM,IKs,1,0.1
Propafenone,130,nM,IKs,0.5,0.1
Propafenone,390,nM,IKs,0,0.1
Propafenone,390,nM,IKs,2,0.1
Propafenone,390,nM,IKs,3,0.1
Propafenone,1300,nM,IKs,0.3,0.1
Propafenone,1300,nM,IKs,3.2,0.1
Propafenone,1300,nM,IKs,7.2,0.1
Propafenone,6500,nM,IKs,19.9,0.1
Propafenone,6500,nM,IKs,18.4,0.1
Propafenone,6500,nM,IKs,34.3,0.1
Propafenone,130,nM,Kv4.3,0,0.1
Propafenone,130,nM,Kv4.3,0.6,0.1
Propafenone,130,nM,Kv4.3,1.3,0.1
Propafenone,390,nM,Kv4.3,0,0.1
Propafenone,390,nM,Kv4.3,0,0.1
Propafenone,390,nM,Kv4.3,1.2,0.1
Propafenone,1300,nM,Kv4.3,5,0.1
Propafenone,1300,nM,Kv4.3,15.1,0.1
Propafenone,1300,nM,Kv4.3,8.9,0.1
Propafenone,6500,nM,Kv4.3,18.8,0.1
Propafenone,6500,nM,Kv4.3,28.3,0.1
Propafenone,6500,nM,Kv4.3,15.7,0.1
Propafenone,130,nM,Late sodium,4.4,0.1
Propafenone,130,nM,Late sodium,0.6,0.1
Propafenone,130,nM,Late sodium,0,0.1
Propafenone,390,nM,Late sodium,12.1,0.1
Propafenone,390,nM,Late sodium,3.2,0.1
Propafenone,390,nM,Late sodium,6.4,0.1
Propafenone,1300,nM,Late sodium,34.2,0.1
Propafenone,1300,nM,Late sodium,27.4,0.1
Propafenone,1300,nM,Late sodium,36.9,0.1
Propafenone,6500,nM,Late sodium,57.5,0.1
Propafenone,6500,nM,Late sodium,42.9,0.1
Propafenone,6500,nM,Late sodium,55.5,0.1
Propafenone,6500,nM,Late sodium,78.3,0.1
Propafenone,130,nM,Peak sodium,0,0.1
Propafenone,130,nM,Peak sodium,1.4,0.1
Propafenone,130,nM,Peak sodium,0.6,0.1
Propafenone,390,nM,Peak sodium,2.5,0.1
Propafenone,390,nM,Peak sodium,15.1,0.1
Propafenone,390,nM,Peak sodium,5.1,0.1
Propafenone,1300,nM,Peak sodium,21.2,0.1
Propafenone,1300,nM,Peak sodium,38.8,0.1
Propafenone,1300,nM,Peak sodium,32.4,0.1
Propafenone,6500,nM,Peak sodium,59.6,0.1
Propafenone,6500,nM,Peak sodium,67.7,0.1
Propafenone,6500,nM,Peak sodium,52.7,0.1
Quinidine,300,nM,Calcium,3.2,0.1
Quinidine,300,nM,Calcium,3.4,0.1
Quinidine,300,nM,Calcium,0.09,0.1
Quinidine,900,nM,Calcium,9.4,0.1
Quinidine,900,nM,Calcium,10.6,0.1
Quinidine,900,nM,Calcium,10.3,0.1
Quinidine,2700,nM,Calcium,15.1,0.1
Quinidine,2700,nM,Calcium,15.8,0.1
Quinidine,2700,nM,Calcium,16.3,0.1
Quinidine,5400,nM,Calcium,23.2,0.1
Quinidine,5400,nM,Calcium,18.2,0.1
Quinidine,5400,nM,Calcium,19.1,0.1
Quinidine,300,nM,hERG,47.6,0.1
Quinidine,300,nM,hERG,37.9,0.1
Quinidine,300,nM,hERG,50.4,0.1
Quinidine,900,nM,hERG,86.7,0.1
Quinidine,900,nM,hERG,71.6,0.1
Quinidine,900,nM,hERG,68.2,0.1
Quinidine,2700,nM,hERG,97.1,0.1
Quinidine,2700,nM,hERG,85.2,0.1
Quinidine,2700,nM,hERG,83.6,0.1
Quinidine,5400,nM,hERG,100,0.1
Quinidine,5400,nM,hERG,89.3,0.1
Quinidine,5400,nM,hERG,85.1,0.1
Quinidine,300,nM,IK1,0,0.1
Quinidine,300,nM,IK1,0,0.1
Quinidine,300,nM,IK1,5.2,0.1
Quinidine,900,nM,IK1,0,0.1
Quinidine,900,nM,IK1,11,0.1
Quinidine,900,nM,IK1,0,0.1
Quinidine,2700,nM,IK1,0,0.1
Quinidine,2700,nM,IK1,0,0.1
Quinidine,2700,nM,IK1,3,0.1
Quinidine,5400,nM,IK1,0.4,0.1
Quinidine,5400,nM,IK1,3.9,0.1
Quinidine,5400,nM,IK1,12.5,0.1
Quinidine,300,nM,IKs,0,0.1
Quinidine,300,nM,IKs,0,0.1
Quinidine,300,nM,IKs,6.2,0.1
Quinidine,900,nM,IKs,13.1,0.1
Quinidine,900,nM,IKs,11,0.1
Quinidine,900,nM,IKs,15.7,0.1
Quinidine,2700,nM,IKs,25.1,0.1
Quinidine,2700,nM,IKs,33.8,0.1
Quinidine,2700,nM,IKs,20.8,0.1
Quinidine,5400,nM,IKs,48.9,0.1
Quinidine,5400,nM,IKs,49.2,0.1
Quinidine,5400,nM,IKs,68.4,0.1
Quinidine,300,nM,Kv4.3,9.7,0.1
Quinidine,300,nM,Kv4.3,4.7,0.1
Quinidine,300,nM,Kv4.3,3.3,0.1
Quinidine,900,nM,Kv4.3,12.4,0.1
Quinidine,900,nM,Kv4.3,13.6,0.1
Quinidine,900,nM,Kv4.3,17.6,0.1
Quinidine,2700,nM,Kv4.3,31.7,0.1
Quinidine,2700,nM,Kv4.3,50,0.1
Quinidine,2700,nM,Kv4.3,42.1,0.1
Quinidine,5400,nM,Kv4.3,63.1,0.1
Quinidine,5400,nM,Kv4.3,69.3,0.1
Quinidine,5400,nM,Kv4.3,60.3,0.1
Quinidine,300,nM,Late sodium,1.3,0.1
Quinidine,300,nM,Late sodium,5.6,0.1
Quinidine,300,nM,Late sodium,3.6,0.1
Quinidine,900,nM,Late sodium,0,0.1
Quinidine,900,nM,Late sodium,1.6,0.1
Quinidine,900,nM,Late sodium,3.1,0.1
Quinidine,2700,nM,Late sodium,13.7,0.1
Quinidine,2700,nM,Late sodium,19.7,0.1
Quinidine,2700,nM,Late sodium,17.8,0.1
Quinidine,5400,nM,Late sodium,27.7,0.1
Quinidine,5400,nM,Late sodium,34.3,0.1
Quinidine,5400,nM,Late sodium,33.5,0.1
Quinidine,300,nM,Peak sodium,0.3,0.1
Quinidine,300,nM,Peak sodium,0,0.1
Quinidine,300,nM,Peak sodium,0,0.1
Quinidine,900,nM,Peak sodium,0,0.1
Quinidine,900,nM,Peak sodium,0.3,0.1
Quinidine,900,nM,Peak sodium,2,0.1
Quinidine,2700,nM,Peak sodium,4.2,0.1
Quinidine,2700,nM,Peak sodium,11.2,0.1
Quinidine,2700,nM,Peak sodium,15,0.1
Quinidine,5400,nM,Peak sodium,26.5,0.1
Quinidine,5400,nM,Peak sodium,16.4,0.1
Quinidine,5400,nM,Peak sodium,24.1,0.1
Quinine,4000,nM,Calcium,18.1,0.1
Quinine,4000,nM,Calcium,15.8,0.1
Quinine,4000,nM,Calcium,12.7,0.1
Quinine,12000,nM,Calcium,30.7,0.1
Quinine,12000,nM,Calcium,37,0.1
Quinine,12000,nM,Calcium,18.2,0.1
Quinine,40000,nM,Calcium,63.4,0.1
Quinine,40000,nM,Calcium,61.4,0.1
Quinine,40000,nM,Calcium,52.1,0.1
Quinine,2e+05,nM,Calcium,94.1,0.1
Quinine,2e+05,nM,Calcium,87.6,0.1
Quinine,2e+05,nM,Calcium,89.4,0.1
Quinine,4000,nM,hERG,40.1,0.1
Quinine,4000,nM,hERG,46.7,0.1
Quinine,4000,nM,hERG,40.3,0.1
Quinine,12000,nM,hERG,74.5,0.1
Quinine,12000,nM,hERG,76.9,0.1
Quinine,12000,nM,hERG,65.1,0.1
Quinine,40000,nM,hERG,92.2,0.1
Quinine,40000,nM,hERG,93,0.1
Quinine,40000,nM,hERG,74.4,0.1
Quinine,2e+05,nM,hERG,97,0.1
Quinine,2e+05,nM,hERG,98.2,0.1
Quinine,2e+05,nM,hERG,89.2,0.1
Quinine,4000,nM,IK1,0,0.1
Quinine,4000,nM,IK1,0,0.1
Quinine,4000,nM,IK1,0,0.1
Quinine,12000,nM,IK1,0,0.1
Quinine,12000,nM,IK1,0,0.1
Quinine,12000,nM,IK1,0,0.1
Quinine,40000,nM,IK1,0,0.1
Quinine,40000,nM,IK1,1.3,0.1
Quinine,40000,nM,IK1,0,0.1
Quinine,2e+05,nM,IK1,6.8,0.1
Quinine,2e+05,nM,IK1,4.2,0.1
Quinine,2e+05,nM,IK1,0,0.1
Quinine,4000,nM,IKs,6.5,0.1
Quinine,4000,nM,IKs,5.7,0.1
Quinine,4000,nM,IKs,21.3,0.1
Quinine,12000,nM,IKs,22.8,0.1
Quinine,12000,nM,IKs,15.3,0.1
Quinine,12000,nM,IKs,21.6,0.1
Quinine,40000,nM,IKs,39.4,0.1
Quinine,40000,nM,IKs,69.1,0.1
Quinine,40000,nM,IKs,51.5,0.1
Quinine,2e+05,nM,IKs,78.7,0.1
Quinine,2e+05,nM,IKs,75.5,0.1
Quinine,2e+05,nM,IKs,96.6,0.1
Quinine,2e+05,nM,IKs,89.9,0.1
Quinine,4000,nM,Kv4.3,8.1,0.1
Quinine,4000,nM,Kv4.3,5.6,0.1
Quinine,4000,nM,Kv4.3,3.6,0.1
Quinine,12000,nM,Kv4.3,19.3,0.1
Quinine,12000,nM,Kv4.3,12.7,0.1
Quinine,12000,nM,Kv4.3,13.1,0.1
Quinine,40000,nM,Kv4.3,23.8,0.1
Quinine,40000,nM,Kv4.3,37.1,0.1
Quinine,40000,nM,Kv4.3,31,0.1
Quinine,40000,nM,Kv4.3,41.4,0.1
Quinine,2e+05,nM,Kv4.3,66.7,0.1
Quinine,2e+05,nM,Kv4.3,67.8,0.1
Quinine,2e+05,nM,Kv4.3,66.2,0.1
Quinine,2e+05,nM,Kv4.3,78.5,0.1
Quinine,2e+05,nM,Kv4.3,76.7,0.1
Quinine,4000,nM,Late sodium,44.9,0.1
Quinine,4000,nM,Late sodium,44.8,0.1
Quinine,4000,nM,Late sodium,54.6,0.1
Quinine,12000,nM,Late sodium,46.8,0.1
Quinine,12000,nM,Late sodium,52.7,0.1
Quinine,12000,nM,Late sodium,30,0.1
Quinine,40000,nM,Late sodium,30.3,0.1
Quinine,40000,nM,Late sodium,59.6,0.1
Quinine,40000,nM,Late sodium,79.6,0.1
Quinine,2e+05,nM,Late sodium,81.6,0.1
Quinine,2e+05,nM,Late sodium,79.8,0.1
Quinine,2e+05,nM,Late sodium,87.6,0.1
Quinine,2e+05,nM,Late sodium,79.7,0.1
Quinine,4000,nM,Peak sodium,26.8,0.1
Quinine,4000,nM,Peak sodium,6.7,0.1
Quinine,4000,nM,Peak sodium,12.4,0.1
Quinine,12000,nM,Peak sodium,36.6,0.1
Quinine,12000,nM,Peak sodium,13.6,0.1
Quinine,12000,nM,Peak sodium,34.4,0.1
Quinine,40000,nM,Peak sodium,62,0.1
Quinine,40000,nM,Peak sodium,60.7,0.1
Quinine,40000,nM,Peak sodium,73.2,0.1
Quinine,2e+05,nM,Peak sodium,88.6,0.1
Quinine,2e+05,nM,Peak sodium,100,0.1
Quinine,2e+05,nM,Peak sodium,84.4,0.1
Ranolazine,575,nM,Calcium,0,0.1
Ranolazine,575,nM,Calcium,0,0.1
Ranolazine,575,nM,Calcium,0,0.1
Ranolazine,2300,nM,Calcium,0,0.1
Ranolazine,2300,nM,Calcium,0,0.1
Ranolazine,2300,nM,Calcium,0,0.1
Ranolazine,6900,nM,Calcium,0,0.1
Ranolazine,6900,nM,Calcium,0,0.1
Ranolazine,6900,nM,Calcium,0,0.1
Ranolazine,23000,nM,Calcium,6.8,0.1
Ranolazine,23000,nM,Calcium,0.6,0.1
Ranolazine,23000,nM,Calcium,0,0.1
Ranolazine,575,nM,hERG,6.5,0.1
Ranolazine,575,nM,hERG,5.7,0.1
Ranolazine,575,nM,hERG,2.5,0.1
Ranolazine,575,nM,hERG,4.2,0.1
Ranolazine,2300,nM,hERG,39.8,0.1
Ranolazine,2300,nM,hERG,38.5,0.1
Ranolazine,2300,nM,hERG,28.1,0.1
Ranolazine,6900,nM,hERG,42.9,0.1
Ranolazine,6900,nM,hERG,55.9,0.1
Ranolazine,6900,nM,hERG,61.9,0.1
Ranolazine,23000,nM,hERG,64.5,0.1
Ranolazine,23000,nM,hERG,74.6,0.1
Ranolazine,23000,nM,hERG,70.3,0.1
Ranolazine,575,nM,IK1,0,0.1
Ranolazine,575,nM,IK1,0.4,0.1
Ranolazine,575,nM,IK1,1.2,0.1
Ranolazine,2300,nM,IK1,0,0.1
Ranolazine,2300,nM,IK1,3,0.1
Ranolazine,2300,nM,IK1,0,0.1
Ranolazine,6900,nM,IK1,0,0.1
Ranolazine,6900,nM,IK1,6.2,0.1
Ranolazine,6900,nM,IK1,0,0.1
Ranolazine,23000,nM,IK1,0,0.1
Ranolazine,23000,nM,IK1,0.8,0.1
Ranolazine,23000,nM,IK1,0,0.1
Ranolazine,575,nM,IKs,0.7,0.1
Ranolazine,575,nM,IKs,0,0.1
Ranolazine,575,nM,IKs,0,0.1
Ranolazine,2300,nM,IKs,1,0.1
Ranolazine,2300,nM,IKs,0,0.1
Ranolazine,2300,nM,IKs,0.8,0.1
Ranolazine,6900,nM,IKs,3,0.1
Ranolazine,6900,nM,IKs,0,0.1
Ranolazine,6900,nM,IKs,0.9,0.1
Ranolazine,23000,nM,IKs,2.5,0.1
Ranolazine,23000,nM,IKs,0,0.1
Ranolazine,23000,nM,IKs,3.8,0.1
Ranolazine,575,nM,Kv4.3,NA,0.1
Ranolazine,575,nM,Kv4.3,NA,0.1
Ranolazine,575,nM,Kv4.3,NA,0.1
Ranolazine,2300,nM,Kv4.3,1.2,0.1
Ranolazine,2300,nM,Kv4.3,9,0.1
Ranolazine,2300,nM,Kv4.3,8,0.1
Ranolazine,6900,nM,Kv4.3,15.7,0.1
Ranolazine,6900,nM,Kv4.3,5.2,0.1
Ranolazine,6900,nM,Kv4.3,6.9,0.1
Ranolazine,23000,nM,Kv4.3,9.3,0.1
Ranolazine,23000,nM,Kv4.3,11.4,0.1
Ranolazine,23000,nM,Kv4.3,13.7,0.1
Ranolazine,69000,nM,Kv4.3,25.2,0.1
Ranolazine,69000,nM,Kv4.3,28.8,0.1
Ranolazine,69000,nM,Kv4.3,25.4,0.1
Ranolazine,575,nM,Late sodium,6,0.1
Ranolazine,575,nM,Late sodium,7.1,0.1
Ranolazine,575,nM,Late sodium,4.5,0.1
Ranolazine,2300,nM,Late sodium,18.8,0.1
Ranolazine,2300,nM,Late sodium,23.9,0.1
Ranolazine,2300,nM,Late sodium,30.1,0.1
Ranolazine,6900,nM,Late sodium,36.5,0.1
Ranolazine,6900,nM,Late sodium,58.4,0.1
Ranolazine,6900,nM,Late sodium,48.7,0.1
Ranolazine,23000,nM,Late sodium,58.9,0.1
Ranolazine,23000,nM,Late sodium,79.7,0.1
Ranolazine,23000,nM,Late sodium,78.3,0.1
Ranolazine,575,nM,Peak sodium,0,0.1
Ranolazine,575,nM,Peak sodium,0,0.1
Ranolazine,575,nM,Peak sodium,1.2,0.1
Ranolazine,2300,nM,Peak sodium,0,0.1
Ranolazine,2300,nM,Peak sodium,0,0.1
Ranolazine,2300,nM,Peak sodium,2.9,0.1
Ranolazine,6900,nM,Peak sodium,0,0.1
Ranolazine,6900,nM,Peak sodium,4.4,0.1
Ranolazine,6900,nM,Peak sodium,6.2,0.1
Ranolazine,23000,nM,Peak sodium,13.2,0.1
Ranolazine,23000,nM,Peak sodium,10,0.1
Ranolazine,23000,nM,Peak sodium,28.9,0.1
Ritonavir,400,nM,Calcium,0.6,0.1
Ritonavir,400,nM,Calcium,0,0.1
Ritonavir,400,nM,Calcium,2.4,0.1
Ritonavir,1200,nM,Calcium,14.2,0.1
Ritonavir,1200,nM,Calcium,9.6,0.1
Ritonavir,1200,nM,Calcium,12.9,0.1
Ritonavir,4000,nM,Calcium,25.1,0.1
Ritonavir,4000,nM,Calcium,21.4,0.1
Ritonavir,4000,nM,Calcium,32.8,0.1
Ritonavir,20000,nM,Calcium,69.9,0.1
Ritonavir,20000,nM,Calcium,76.3,0.1
Ritonavir,20000,nM,Calcium,83,0.1
Ritonavir,400,nM,hERG,5.6,0.1
Ritonavir,400,nM,hERG,7.4,0.1
Ritonavir,400,nM,hERG,10.3,0.1
Ritonavir,1200,nM,hERG,13.9,0.1
Ritonavir,1200,nM,hERG,12.2,0.1
Ritonavir,1200,nM,hERG,18,0.1
Ritonavir,4000,nM,hERG,52.2,0.1
Ritonavir,4000,nM,hERG,31.7,0.1
Ritonavir,4000,nM,hERG,39.5,0.1
Ritonavir,4000,nM,hERG,60.7,0.1
Ritonavir,20000,nM,hERG,78.7,0.1
Ritonavir,20000,nM,hERG,84.1,0.1
Ritonavir,20000,nM,hERG,68.5,0.1
Ritonavir,20000,nM,hERG,82.6,0.1
Ritonavir,400,nM,IK1,9.9,0.1
Ritonavir,400,nM,IK1,0,0.1
Ritonavir,400,nM,IK1,1.5,0.1
Ritonavir,1200,nM,IK1,0,0.1
Ritonavir,1200,nM,IK1,27.3,0.1
Ritonavir,1200,nM,IK1,0,0.1
Ritonavir,4000,nM,IK1,0,0.1
Ritonavir,4000,nM,IK1,13,0.1
Ritonavir,4000,nM,IK1,0,0.1
Ritonavir,20000,nM,IK1,0,0.1
Ritonavir,20000,nM,IK1,0,0.1
Ritonavir,20000,nM,IK1,0,0.1
Ritonavir,400,nM,IKs,6.1,0.1
Ritonavir,400,nM,IKs,0,0.1
Ritonavir,400,nM,IKs,0,0.1
Ritonavir,400,nM,IKs,6.7,0.1
Ritonavir,400,nM,IKs,0,0.1
Ritonavir,1200,nM,IKs,10,0.1
Ritonavir,1200,nM,IKs,1.2,0.1
Ritonavir,1200,nM,IKs,0,0.1
Ritonavir,1200,nM,IKs,0,0.1
Ritonavir,4000,nM,IKs,18.7,0.1
Ritonavir,4000,nM,IKs,0,0.1
Ritonavir,4000,nM,IKs,0,0.1
Ritonavir,20000,nM,IKs,24.5,0.1
Ritonavir,20000,nM,IKs,24.1,0.1
Ritonavir,20000,nM,IKs,5.8,0.1
Ritonavir,400,nM,Kv4.3,0,0.1
Ritonavir,400,nM,Kv4.3,3.2,0.1
Ritonavir,400,nM,Kv4.3,0.8,0.1
Ritonavir,1200,nM,Kv4.3,15,0.1
Ritonavir,1200,nM,Kv4.3,8.1,0.1
Ritonavir,1200,nM,Kv4.3,6.6,0.1
Ritonavir,4000,nM,Kv4.3,1.1,0.1
Ritonavir,4000,nM,Kv4.3,13.9,0.1
Ritonavir,4000,nM,Kv4.3,7.2,0.1
Ritonavir,20000,nM,Kv4.3,20.2,0.1
Ritonavir,20000,nM,Kv4.3,19.7,0.1
Ritonavir,20000,nM,Kv4.3,17.6,0.1
Ritonavir,400,nM,Late sodium,0,0.1
Ritonavir,400,nM,Late sodium,3.8,0.1
Ritonavir,400,nM,Late sodium,1.5,0.1
Ritonavir,1200,nM,Late sodium,20.7,0.1
Ritonavir,1200,nM,Late sodium,25.6,0.1
Ritonavir,1200,nM,Late sodium,31.1,0.1
Ritonavir,4000,nM,Late sodium,44.9,0.1
Ritonavir,4000,nM,Late sodium,55.5,0.1
Ritonavir,4000,nM,Late sodium,44,0.1
Ritonavir,20000,nM,Late sodium,45.5,0.1
Ritonavir,20000,nM,Late sodium,63.5,0.1
Ritonavir,20000,nM,Late sodium,58.7,0.1
Ritonavir,20000,nM,Late sodium,82.1,0.1
Ritonavir,400,nM,Peak sodium,2.3,0.1
Ritonavir,400,nM,Peak sodium,0,0.1
Ritonavir,400,nM,Peak sodium,0,0.1
Ritonavir,1200,nM,Peak sodium,16.8,0.1
Ritonavir,1200,nM,Peak sodium,16.1,0.1
Ritonavir,1200,nM,Peak sodium,12.9,0.1
Ritonavir,4000,nM,Peak sodium,24.4,0.1
Ritonavir,4000,nM,Peak sodium,28.2,0.1
Ritonavir,4000,nM,Peak sodium,26.2,0.1
Ritonavir,4000,nM,Peak sodium,31.8,0.1
Ritonavir,4000,nM,Peak sodium,35.5,0.1
Ritonavir,20000,nM,Peak sodium,41.4,0.1
Ritonavir,20000,nM,Peak sodium,30,0.1
Ritonavir,20000,nM,Peak sodium,47.2,0.1
Ritonavir,20000,nM,Peak sodium,48.2,0.1
Rufinamide,80000,nM,Calcium,24.9,0.1
Rufinamide,80000,nM,Calcium,27.3,0.1
Rufinamide,80000,nM,Calcium,21.7,0.1
Rufinamide,240000,nM,Calcium,51.1,0.1
Rufinamide,240000,nM,Calcium,47.1,0.1
Rufinamide,240000,nM,Calcium,45,0.1
Rufinamide,80000,nM,hERG,0,0.1
Rufinamide,80000,nM,hERG,3.9,0.1
Rufinamide,80000,nM,hERG,0,0.1
Rufinamide,240000,nM,hERG,2.7,0.1
Rufinamide,240000,nM,hERG,0,0.1
Rufinamide,240000,nM,hERG,0,0.1
Rufinamide,80000,nM,IK1,0,0.1
Rufinamide,80000,nM,IK1,0,0.1
Rufinamide,80000,nM,IK1,0,0.1
Rufinamide,240000,nM,IK1,0,0.1
Rufinamide,240000,nM,IK1,0,0.1
Rufinamide,240000,nM,IK1,0,0.1
Rufinamide,80000,nM,IKs,0.4,0.1
Rufinamide,80000,nM,IKs,0.2,0.1
Rufinamide,80000,nM,IKs,1.7,0.1
Rufinamide,240000,nM,IKs,1.3,0.1
Rufinamide,240000,nM,IKs,0,0.1
Rufinamide,240000,nM,IKs,0,0.1
Rufinamide,240000,nM,IKs,4.8,0.1
Rufinamide,80000,nM,Kv4.3,0,0.1
Rufinamide,80000,nM,Kv4.3,0,0.1
Rufinamide,80000,nM,Kv4.3,0.2,0.1
Rufinamide,240000,nM,Kv4.3,0,0.1
Rufinamide,240000,nM,Kv4.3,1.3,0.1
Rufinamide,240000,nM,Kv4.3,3.5,0.1
Rufinamide,80000,nM,Late sodium,0,0.1
Rufinamide,80000,nM,Late sodium,8.2,0.1
Rufinamide,80000,nM,Late sodium,0,0.1
Rufinamide,240000,nM,Late sodium,13.2,0.1
Rufinamide,240000,nM,Late sodium,10.2,0.1
Rufinamide,240000,nM,Late sodium,10.4,0.1
Rufinamide,80000,nM,Peak sodium,0.9,0.1
Rufinamide,80000,nM,Peak sodium,0,0.1
Rufinamide,80000,nM,Peak sodium,0,0.1
Rufinamide,240000,nM,Peak sodium,2,0.1
Rufinamide,240000,nM,Peak sodium,1.8,0.1
Rufinamide,240000,nM,Peak sodium,13.4,0.1
Saquinavir,400,nM,Kv4.3,0,0.1
Saquinavir,400,nM,Kv4.3,2,0.1
Saquinavir,400,nM,Kv4.3,0,0.1
Saquinavir,1200,nM,Kv4.3,0,0.1
Saquinavir,1200,nM,Kv4.3,0.4,0.1
Saquinavir,1200,nM,Kv4.3,10.7,0.1
Saquinavir,4000,nM,Kv4.3,0,0.1
Saquinavir,4000,nM,Kv4.3,0,0.1
Saquinavir,4000,nM,Kv4.3,0.07,0.1
Saquinavir,20000,nM,Kv4.3,0,0.1
Saquinavir,20000,nM,Kv4.3,0,0.1
Saquinavir,20000,nM,Kv4.3,8.3,0.1
Saquinavir,20000,nM,Kv4.3,0,0.1
Saquinavir,20000,nM,Kv4.3,4.2,0.1
Saquinavir,400,nM,Late sodium,0.7,0.1
Saquinavir,400,nM,Late sodium,4.2,0.1
Saquinavir,400,nM,Late sodium,2.3,0.1
Saquinavir,1200,nM,Late sodium,4.3,0.1
Saquinavir,1200,nM,Late sodium,0,0.1
Saquinavir,1200,nM,Late sodium,0,0.1
Saquinavir,4000,nM,Late sodium,44.2,0.1
Saquinavir,4000,nM,Late sodium,36.7,0.1
Saquinavir,4000,nM,Late sodium,39.7,0.1
Saquinavir,20000,nM,Late sodium,78.1,0.1
Saquinavir,20000,nM,Late sodium,64.1,0.1
Saquinavir,20000,nM,Late sodium,79.8,0.1
Saquinavir,400,nM,Calcium,6.9,0.1
Saquinavir,400,nM,Calcium,0,0.1
Saquinavir,400,nM,Calcium,6.7,0.1
Saquinavir,1200,nM,Calcium,13.5,0.1
Saquinavir,1200,nM,Calcium,14.1,0.1
Saquinavir,1200,nM,Calcium,24.9,0.1
Saquinavir,4000,nM,Calcium,68.9,0.1
Saquinavir,4000,nM,Calcium,50.7,0.1
Saquinavir,4000,nM,Calcium,65.4,0.1
Saquinavir,20000,nM,Calcium,90.8,0.1
Saquinavir,20000,nM,Calcium,87.4,0.1
Saquinavir,20000,nM,Calcium,84.2,0.1
Saquinavir,400,nM,hERG,7.1,0.1
Saquinavir,400,nM,hERG,18.4,0.1
Saquinavir,400,nM,hERG,12.7,0.1
Saquinavir,1200,nM,hERG,24.2,0.1
Saquinavir,1200,nM,hERG,28.1,0.1
Saquinavir,1200,nM,hERG,16.9,0.1
Saquinavir,1200,nM,hERG,25.9,0.1
Saquinavir,4000,nM,hERG,69,0.1
Saquinavir,4000,nM,hERG,47.9,0.1
Saquinavir,4000,nM,hERG,66.5,0.1
Saquinavir,4000,nM,hERG,39.4,0.1
Saquinavir,20000,nM,hERG,86.8,0.1
Saquinavir,20000,nM,hERG,85.2,0.1
Saquinavir,20000,nM,hERG,95,0.1
Saquinavir,20000,nM,hERG,64.6,0.1
Saquinavir,400,nM,IK1,0,0.1
Saquinavir,400,nM,IK1,0,0.1
Saquinavir,400,nM,IK1,0,0.1
Saquinavir,1200,nM,IK1,0,0.1
Saquinavir,1200,nM,IK1,0,0.1
Saquinavir,1200,nM,IK1,0,0.1
Saquinavir,4000,nM,IK1,1.6,0.1
Saquinavir,4000,nM,IK1,0,0.1
Saquinavir,4000,nM,IK1,0.5,0.1
Saquinavir,20000,nM,IK1,5.1,0.1
Saquinavir,20000,nM,IK1,0,0.1
Saquinavir,20000,nM,IK1,4.3,0.1
Saquinavir,400,nM,IKs,0,0.1
Saquinavir,400,nM,IKs,2.6,0.1
Saquinavir,400,nM,IKs,0,0.1
Saquinavir,1200,nM,IKs,0,0.1
Saquinavir,1200,nM,IKs,2.7,0.1
Saquinavir,1200,nM,IKs,0,0.1
Saquinavir,4000,nM,IKs,0,0.1
Saquinavir,4000,nM,IKs,1.8,0.1
Saquinavir,4000,nM,IKs,0,0.1
Saquinavir,20000,nM,IKs,12.2,0.1
Saquinavir,20000,nM,IKs,22.4,0.1
Saquinavir,20000,nM,IKs,11.8,0.1
Saquinavir,400,nM,Peak sodium,1.1,0.1
Saquinavir,400,nM,Peak sodium,0,0.1
Saquinavir,400,nM,Peak sodium,2.6,0.1
Saquinavir,1200,nM,Peak sodium,2,0.1
Saquinavir,1200,nM,Peak sodium,1.5,0.1
Saquinavir,1200,nM,Peak sodium,4.2,0.1
Saquinavir,4000,nM,Peak sodium,12.1,0.1
Saquinavir,4000,nM,Peak sodium,26.3,0.1
Saquinavir,4000,nM,Peak sodium,12,0.1
Saquinavir,20000,nM,Peak sodium,44.4,0.1
Saquinavir,20000,nM,Peak sodium,84.1,0.1
Saquinavir,20000,nM,Peak sodium,43.7,0.1
Sertindole,1.5,nM,Kv4.3,0,0.1
Sertindole,1.5,nM,Kv4.3,2.1,0.1
Sertindole,1.5,nM,Kv4.3,2,0.1
Sertindole,4.5,nM,Kv4.3,0,0.1
Sertindole,4.5,nM,Kv4.3,0,0.1
Sertindole,4.5,nM,Kv4.3,2.9,0.1
Sertindole,15,nM,Kv4.3,0,0.1
Sertindole,15,nM,Kv4.3,2,0.1
Sertindole,15,nM,Kv4.3,1.4,0.1
Sertindole,75,nM,Kv4.3,0,0.1
Sertindole,75,nM,Kv4.3,3.7,0.1
Sertindole,75,nM,Kv4.3,2.1,0.1
Sertindole,1.5,nM,Late sodium,5.4,0.1
Sertindole,1.5,nM,Late sodium,0,0.1
Sertindole,1.5,nM,Late sodium,0,0.1
Sertindole,4.5,nM,Late sodium,0,0.1
Sertindole,4.5,nM,Late sodium,0,0.1
Sertindole,4.5,nM,Late sodium,0,0.1
Sertindole,15,nM,Late sodium,0,0.1
Sertindole,15,nM,Late sodium,0,0.1
Sertindole,15,nM,Late sodium,0,0.1
Sertindole,75,nM,Late sodium,0,0.1
Sertindole,75,nM,Late sodium,0,0.1
Sertindole,75,nM,Late sodium,0,0.1
Sertindole,1.5,nM,Calcium,1.3,0.1
Sertindole,1.5,nM,Calcium,0.3,0.1
Sertindole,1.5,nM,Calcium,0,0.1
Sertindole,4.5,nM,Calcium,2,0.1
Sertindole,4.5,nM,Calcium,2.5,0.1
Sertindole,4.5,nM,Calcium,0,0.1
Sertindole,15,nM,Calcium,3.5,0.1
Sertindole,15,nM,Calcium,4.4,0.1
Sertindole,15,nM,Calcium,4.4,0.1
Sertindole,75,nM,Calcium,5.3,0.1
Sertindole,75,nM,Calcium,8.2,0.1
Sertindole,75,nM,Calcium,6.1,0.1
Sertindole,1.5,nM,hERG,7.2,0.1
Sertindole,1.5,nM,hERG,15.7,0.1
Sertindole,1.5,nM,hERG,24.3,0.1
Sertindole,4.5,nM,hERG,27.1,0.1
Sertindole,4.5,nM,hERG,35,0.1
Sertindole,4.5,nM,hERG,38.6,0.1
Sertindole,15,nM,hERG,47.6,0.1
Sertindole,15,nM,hERG,51.3,0.1
Sertindole,15,nM,hERG,62.8,0.1
Sertindole,75,nM,hERG,77.4,0.1
Sertindole,75,nM,hERG,83.7,0.1
Sertindole,75,nM,hERG,88.2,0.1
Sertindole,1.5,nM,IK1,0,0.1
Sertindole,1.5,nM,IK1,0,0.1
Sertindole,1.5,nM,IK1,0.3,0.1
Sertindole,4.5,nM,IK1,0,0.1
Sertindole,4.5,nM,IK1,0,0.1
Sertindole,4.5,nM,IK1,0,0.1
Sertindole,15,nM,IK1,0,0.1
Sertindole,15,nM,IK1,0,0.1
Sertindole,15,nM,IK1,0,0.1
Sertindole,75,nM,IK1,0,0.1
Sertindole,75,nM,IK1,0,0.1
Sertindole,75,nM,IK1,0,0.1
Sertindole,1.5,nM,IKs,0,0.1
Sertindole,1.5,nM,IKs,0,0.1
Sertindole,1.5,nM,IKs,0,0.1
Sertindole,4.5,nM,IKs,1.2,0.1
Sertindole,4.5,nM,IKs,0,0.1
Sertindole,4.5,nM,IKs,0.8,0.1
Sertindole,15,nM,IKs,0.3,0.1
Sertindole,15,nM,IKs,0,0.1
Sertindole,15,nM,IKs,3.3,0.1
Sertindole,75,nM,IKs,0.9,0.1
Sertindole,75,nM,IKs,0,0.1
Sertindole,75,nM,IKs,3.7,0.1
Sertindole,1.5,nM,Peak sodium,0.4,0.1
Sertindole,1.5,nM,Peak sodium,0,0.1
Sertindole,1.5,nM,Peak sodium,0,0.1
Sertindole,4.5,nM,Peak sodium,0,0.1
Sertindole,4.5,nM,Peak sodium,0,0.1
Sertindole,4.5,nM,Peak sodium,0,0.1
Sertindole,15,nM,Peak sodium,0,0.1
Sertindole,15,nM,Peak sodium,0,0.1
Sertindole,15,nM,Peak sodium,0.4,0.1
Sertindole,75,nM,Peak sodium,1,0.1
Sertindole,75,nM,Peak sodium,0,0.1
Sertindole,75,nM,Peak sodium,0,0.1
Sotalol,14000,nM,Kv4.3,0.6,0.1
Sotalol,14000,nM,Kv4.3,0,0.1
Sotalol,14000,nM,Kv4.3,0,0.1
Sotalol,140000,nM,Kv4.3,0.3,0.1
Sotalol,140000,nM,Kv4.3,0,0.1
Sotalol,140000,nM,Kv4.3,0.1,0.1
Sotalol,7e+05,nM,Kv4.3,16.1,0.1
Sotalol,7e+05,nM,Kv4.3,7.7,0.1
Sotalol,7e+05,nM,Kv4.3,0.5,0.1
Sotalol,2100000,nM,Kv4.3,15.9,0.1
Sotalol,2100000,nM,Kv4.3,8.7,0.1
Sotalol,2100000,nM,Kv4.3,11,0.1
Sotalol,2100000,nM,Kv4.3,9.9,0.1
Sotalol,14000,nM,Late sodium,0,0.1
Sotalol,14000,nM,Late sodium,0,0.1
Sotalol,14000,nM,Late sodium,3.7,0.1
Sotalol,140000,nM,Late sodium,0,0.1
Sotalol,140000,nM,Late sodium,0,0.1
Sotalol,140000,nM,Late sodium,0,0.1
Sotalol,7e+05,nM,Late sodium,0,0.1
Sotalol,7e+05,nM,Late sodium,0,0.1
Sotalol,7e+05,nM,Late sodium,0,0.1
Sotalol,2100000,nM,Late sodium,11.8,0.1
Sotalol,2100000,nM,Late sodium,8.5,0.1
Sotalol,2100000,nM,Late sodium,12.6,0.1
Sotalol,14000,nM,Calcium,3.6,0.1
Sotalol,14000,nM,Calcium,0,0.1
Sotalol,14000,nM,Calcium,2.4,0.1
Sotalol,140000,nM,Calcium,4.8,0.1
Sotalol,140000,nM,Calcium,0,0.1
Sotalol,140000,nM,Calcium,4.1,0.1
Sotalol,7e+05,nM,Calcium,13.5,0.1
Sotalol,7e+05,nM,Calcium,8.6,0.1
Sotalol,7e+05,nM,Calcium,13.4,0.1
Sotalol,2100000,nM,Calcium,32.1,0.1
Sotalol,2100000,nM,Calcium,19.3,0.1
Sotalol,2100000,nM,Calcium,26.6,0.1
Sotalol,14000,nM,hERG,33.7,0.1
Sotalol,14000,nM,hERG,7.2,0.1
Sotalol,14000,nM,hERG,10.4,0.1
Sotalol,140000,nM,hERG,70.9,0.1
Sotalol,140000,nM,hERG,47.2,0.1
Sotalol,140000,nM,hERG,58.6,0.1
Sotalol,7e+05,nM,hERG,97.6,0.1
Sotalol,7e+05,nM,hERG,84.2,0.1
Sotalol,7e+05,nM,hERG,89.2,0.1
Sotalol,2100000,nM,hERG,99.7,0.1
Sotalol,2100000,nM,hERG,88.9,0.1
Sotalol,2100000,nM,hERG,97.7,0.1
Sotalol,14000,nM,IK1,0,0.1
Sotalol,14000,nM,IK1,0,0.1
Sotalol,14000,nM,IK1,0,0.1
Sotalol,140000,nM,IK1,0,0.1
Sotalol,140000,nM,IK1,0,0.1
Sotalol,140000,nM,IK1,0,0.1
Sotalol,7e+05,nM,IK1,15.6,0.1
Sotalol,7e+05,nM,IK1,21.6,0.1
Sotalol,7e+05,nM,IK1,9.7,0.1
Sotalol,2100000,nM,IK1,38.6,0.1
Sotalol,2100000,nM,IK1,45.2,0.1
Sotalol,2100000,nM,IK1,32,0.1
Sotalol,14000,nM,IKs,0,0.1
Sotalol,14000,nM,IKs,0.9,0.1
Sotalol,14000,nM,IKs,0,0.1
Sotalol,140000,nM,IKs,0.4,0.1
Sotalol,140000,nM,IKs,2.3,0.1
Sotalol,140000,nM,IKs,0,0.1
Sotalol,7e+05,nM,IKs,17.6,0.1
Sotalol,7e+05,nM,IKs,5.5,0.1
Sotalol,7e+05,nM,IKs,6.1,0.1
Sotalol,7e+05,nM,IKs,15.8,0.1
Sotalol,2100000,nM,IKs,33.1,0.1
Sotalol,2100000,nM,IKs,22.2,0.1
Sotalol,2100000,nM,IKs,36.4,0.1
Sotalol,14000,nM,Peak sodium,0,0.1
Sotalol,14000,nM,Peak sodium,1.4,0.1
Sotalol,14000,nM,Peak sodium,0.3,0.1
Sotalol,140000,nM,Peak sodium,0,0.1
Sotalol,140000,nM,Peak sodium,1.8,0.1
Sotalol,140000,nM,Peak sodium,0.7,0.1
Sotalol,7e+05,nM,Peak sodium,0,0.1
Sotalol,7e+05,nM,Peak sodium,2.6,0.1
Sotalol,7e+05,nM,Peak sodium,4.3,0.1
Sotalol,2100000,nM,Peak sodium,0,0.1
Sotalol,2100000,nM,Peak sodium,3.9,0.1
Sotalol,2100000,nM,Peak sodium,7.8,0.1
Terfenadine,0.8,nM,Kv4.3,0,0.1
Terfenadine,0.8,nM,Kv4.3,5.3,0.1
Terfenadine,0.8,nM,Kv4.3,8.9,0.1
Terfenadine,8,nM,Kv4.3,10.3,0.1
Terfenadine,8,nM,Kv4.3,10.1,0.1
Terfenadine,8,nM,Kv4.3,9,0.1
Terfenadine,80,nM,Kv4.3,4.3,0.1
Terfenadine,80,nM,Kv4.3,9.1,0.1
Terfenadine,80,nM,Kv4.3,6.3,0.1
Terfenadine,800,nM,Kv4.3,28.5,0.1
Terfenadine,800,nM,Kv4.3,22.1,0.1
Terfenadine,800,nM,Kv4.3,11.1,0.1
Terfenadine,0.8,nM,Late sodium,0,0.1
Terfenadine,0.8,nM,Late sodium,2.5,0.1
Terfenadine,0.8,nM,Late sodium,2.2,0.1
Terfenadine,8,nM,Late sodium,3.6,0.1
Terfenadine,8,nM,Late sodium,0.7,0.1
Terfenadine,8,nM,Late sodium,0,0.1
Terfenadine,80,nM,Late sodium,1,0.1
Terfenadine,80,nM,Late sodium,7.8,0.1
Terfenadine,80,nM,Late sodium,0,0.1
Terfenadine,800,nM,Late sodium,11.5,0.1
Terfenadine,800,nM,Late sodium,14.9,0.1
Terfenadine,800,nM,Late sodium,11.7,0.1
Terfenadine,0.8,nM,Calcium,0.8,0.1
Terfenadine,0.8,nM,Calcium,1.4,0.1
Terfenadine,0.8,nM,Calcium,0,0.1
Terfenadine,8,nM,Calcium,4.5,0.1
Terfenadine,8,nM,Calcium,2.7,0.1
Terfenadine,8,nM,Calcium,5.2,0.1
Terfenadine,80,nM,Calcium,24,0.1
Terfenadine,80,nM,Calcium,15.5,0.1
Terfenadine,80,nM,Calcium,20.1,0.1
Terfenadine,800,nM,Calcium,49.7,0.1
Terfenadine,800,nM,Calcium,53.1,0.1
Terfenadine,800,nM,Calcium,53.2,0.1
Terfenadine,0.8,nM,hERG,27.4,0.1
Terfenadine,0.8,nM,hERG,18.9,0.1
Terfenadine,0.8,nM,hERG,13.8,0.1
Terfenadine,8,nM,hERG,45.5,0.1
Terfenadine,8,nM,hERG,22.8,0.1
Terfenadine,8,nM,hERG,30.4,0.1
Terfenadine,8,nM,hERG,33.5,0.1
Terfenadine,80,nM,hERG,85.9,0.1
Terfenadine,80,nM,hERG,72.4,0.1
Terfenadine,80,nM,hERG,64.5,0.1
Terfenadine,800,nM,hERG,96.2,0.1
Terfenadine,800,nM,hERG,78.6,0.1
Terfenadine,800,nM,hERG,93.6,0.1
Terfenadine,0.8,nM,IK1,8.2,0.1
Terfenadine,0.8,nM,IK1,3.9,0.1
Terfenadine,0.8,nM,IK1,0,0.1
Terfenadine,8,nM,IK1,0,0.1
Terfenadine,8,nM,IK1,0,0.1
Terfenadine,8,nM,IK1,0,0.1
Terfenadine,80,nM,IK1,0,0.1
Terfenadine,80,nM,IK1,8.6,0.1
Terfenadine,80,nM,IK1,0,0.1
Terfenadine,800,nM,IK1,0,0.1
Terfenadine,800,nM,IK1,0,0.1
Terfenadine,800,nM,IK1,0,0.1
Terfenadine,0.8,nM,IKs,0,0.1
Terfenadine,0.8,nM,IKs,0.05,0.1
Terfenadine,0.8,nM,IKs,0,0.1
Terfenadine,8,nM,IKs,0.6,0.1
Terfenadine,8,nM,IKs,0,0.1
Terfenadine,8,nM,IKs,0,0.1
Terfenadine,80,nM,IKs,0.5,0.1
Terfenadine,80,nM,IKs,2.6,0.1
Terfenadine,80,nM,IKs,0,0.1
Terfenadine,800,nM,IKs,0,0.1
Terfenadine,800,nM,IKs,4,0.1
Terfenadine,800,nM,IKs,5.9,0.1
Terfenadine,0.8,nM,Peak sodium,0.1,0.1
Terfenadine,0.8,nM,Peak sodium,0,0.1
Terfenadine,0.8,nM,Peak sodium,0.5,0.1
Terfenadine,8,nM,Peak sodium,0,0.1
Terfenadine,8,nM,Peak sodium,0,0.1
Terfenadine,8,nM,Peak sodium,0,0.1
Terfenadine,80,nM,Peak sodium,0,0.1
Terfenadine,80,nM,Peak sodium,0,0.1
Terfenadine,80,nM,Peak sodium,4.7,0.1
Terfenadine,800,nM,Peak sodium,16.8,0.1
Terfenadine,800,nM,Peak sodium,21.6,0.1
Terfenadine,800,nM,Peak sodium,5.1,0.1
Terfenadine,800,nM,Peak sodium,12.3,0.1
Toremifene,25,nM,Kv4.3,1.7,0.1
Toremifene,25,nM,Kv4.3,0.5,0.1
Toremifene,25,nM,Kv4.3,0.5,0.1
Toremifene,75,nM,Kv4.3,1.7,0.1
Toremifene,75,nM,Kv4.3,0.2,0.1
Toremifene,75,nM,Kv4.3,0.03,0.1
Toremifene,250,nM,Kv4.3,1.9,0.1
Toremifene,250,nM,Kv4.3,1.4,0.1
Toremifene,250,nM,Kv4.3,0.6,0.1
Toremifene,1250,nM,Kv4.3,2.1,0.1
Toremifene,1250,nM,Kv4.3,0,0.1
Toremifene,1250,nM,Kv4.3,12.2,0.1
Toremifene,1250,nM,Kv4.3,0,0.1
Toremifene,25,nM,Late sodium,0,0.1
Toremifene,25,nM,Late sodium,4.8,0.1
Toremifene,25,nM,Late sodium,0,0.1
Toremifene,25,nM,Late sodium,0,0.1
Toremifene,75,nM,Late sodium,2.3,0.1
Toremifene,75,nM,Late sodium,0,0.1
Toremifene,75,nM,Late sodium,0,0.1
Toremifene,250,nM,Late sodium,0.4,0.1
Toremifene,250,nM,Late sodium,0,0.1
Toremifene,250,nM,Late sodium,0,0.1
Toremifene,1250,nM,Late sodium,17,0.1
Toremifene,1250,nM,Late sodium,31.4,0.1
Toremifene,1250,nM,Late sodium,0.7,0.1
Toremifene,25,nM,Calcium,0,0.1
Toremifene,25,nM,Calcium,0.09,0.1
Toremifene,25,nM,Calcium,4.1,0.1
Toremifene,75,nM,Calcium,3.4,0.1
Toremifene,75,nM,Calcium,0,0.1
Toremifene,75,nM,Calcium,0,0.1
Toremifene,250,nM,Calcium,0.8,0.1
Toremifene,250,nM,Calcium,0,0.1
Toremifene,250,nM,Calcium,2.3,0.1
Toremifene,1250,nM,Calcium,2.4,0.1
Toremifene,1250,nM,Calcium,0,0.1
Toremifene,1250,nM,Calcium,3.5,0.1
Toremifene,1250,nM,Calcium,3.7,0.1
Toremifene,1250,nM,Calcium,11.8,0.1
Toremifene,25,nM,hERG,0.8,0.1
Toremifene,25,nM,hERG,0.4,0.1
Toremifene,25,nM,hERG,1.9,0.1
Toremifene,25,nM,hERG,0,0.1
Toremifene,75,nM,hERG,0,0.1
Toremifene,75,nM,hERG,2.4,0.1
Toremifene,75,nM,hERG,0,0.1
Toremifene,250,nM,hERG,14.7,0.1
Toremifene,250,nM,hERG,9.4,0.1
Toremifene,250,nM,hERG,5.3,0.1
Toremifene,1250,nM,hERG,27.2,0.1
Toremifene,1250,nM,hERG,21.3,0.1
Toremifene,1250,nM,hERG,17.9,0.1
Toremifene,25,nM,IK1,0,0.1
Toremifene,25,nM,IK1,0,0.1
Toremifene,25,nM,IK1,0,0.1
Toremifene,75,nM,IK1,0,0.1
Toremifene,75,nM,IK1,0,0.1
Toremifene,75,nM,IK1,0,0.1
Toremifene,250,nM,IK1,0,0.1
Toremifene,250,nM,IK1,0,0.1
Toremifene,250,nM,IK1,0,0.1
Toremifene,1250,nM,IK1,0,0.1
Toremifene,1250,nM,IK1,0,0.1
Toremifene,1250,nM,IK1,0,0.1
Toremifene,25,nM,IKs,0,0.1
Toremifene,25,nM,IKs,2.1,0.1
Toremifene,25,nM,IKs,0,0.1
Toremifene,75,nM,IKs,0,0.1
Toremifene,75,nM,IKs,0.05,0.1
Toremifene,75,nM,IKs,0,0.1
Toremifene,250,nM,IKs,0,0.1
Toremifene,250,nM,IKs,0,0.1
Toremifene,250,nM,IKs,0,0.1
Toremifene,1250,nM,IKs,0,0.1
Toremifene,1250,nM,IKs,0,0.1
Toremifene,1250,nM,IKs,0,0.1
Toremifene,25,nM,Peak sodium,0.1,0.1
Toremifene,25,nM,Peak sodium,0,0.1
Toremifene,25,nM,Peak sodium,0,0.1
Toremifene,75,nM,Peak sodium,0,0.1
Toremifene,75,nM,Peak sodium,0,0.1
Toremifene,75,nM,Peak sodium,0,0.1
Toremifene,250,nM,Peak sodium,0.6,0.1
Toremifene,250,nM,Peak sodium,0,0.1
Toremifene,250,nM,Peak sodium,0,0.1
Toremifene,1250,nM,Peak sodium,11.2,0.1
Toremifene,1250,nM,Peak sodium,2.8,0.1
Toremifene,1250,nM,Peak sodium,5.1,0.1
Verapamil,50,nM,Kv4.3,0.9,0.1
Verapamil,50,nM,Kv4.3,0,0.1
Verapamil,50,nM,Kv4.3,0,0.1
Verapamil,150,nM,Kv4.3,0.9,0.1
Verapamil,150,nM,Kv4.3,3.2,0.1
Verapamil,150,nM,Kv4.3,0,0.1
Verapamil,500,nM,Kv4.3,8.4,0.1
Verapamil,500,nM,Kv4.3,12.2,0.1
Verapamil,500,nM,Kv4.3,3.2,0.1
Verapamil,1000,nM,Kv4.3,5.8,0.1
Verapamil,1000,nM,Kv4.3,15.6,0.1
Verapamil,1000,nM,Kv4.3,8.2,0.1
Verapamil,50,nM,Late sodium,0,0.1
Verapamil,50,nM,Late sodium,6.7,0.1
Verapamil,50,nM,Late sodium,0,0.1
Verapamil,150,nM,Late sodium,0,0.1
Verapamil,150,nM,Late sodium,4.1,0.1
Verapamil,150,nM,Late sodium,0,0.1
Verapamil,500,nM,Late sodium,0,0.1
Verapamil,500,nM,Late sodium,13.4,0.1
Verapamil,500,nM,Late sodium,4.1,0.1
Verapamil,1000,nM,Late sodium,0,0.1
Verapamil,1000,nM,Late sodium,29.6,0.1
Verapamil,1000,nM,Late sodium,6.3,0.1
Verapamil,5,nM,Calcium,6.5,0.1
Verapamil,5,nM,Calcium,4.3,0.1
Verapamil,5,nM,Calcium,1.1,0.1
Verapamil,50,nM,Calcium,22.6,0.1
Verapamil,50,nM,Calcium,20.9,0.1
Verapamil,50,nM,Calcium,19.4,0.1
Verapamil,150,nM,Calcium,50.5,0.1
Verapamil,150,nM,Calcium,28.9,0.1
Verapamil,150,nM,Calcium,40.1,0.1
Verapamil,150,nM,Calcium,35.9,0.1
Verapamil,500,nM,Calcium,89.8,0.1
Verapamil,500,nM,Calcium,67.2,0.1
Verapamil,500,nM,Calcium,68.9,0.1
Verapamil,1000,nM,Calcium,99.6,0.1
Verapamil,1000,nM,Calcium,77.7,0.1
Verapamil,1000,nM,Calcium,79.7,0.1
Verapamil,5,nM,hERG,0,0.1
Verapamil,5,nM,hERG,3.6,0.1
Verapamil,50,nM,hERG,8.5,0.1
Verapamil,50,nM,hERG,15.4,0.1
Verapamil,50,nM,hERG,14.3,0.1
Verapamil,150,nM,hERG,18.8,0.1
Verapamil,150,nM,hERG,18.5,0.1
Verapamil,150,nM,hERG,24.8,0.1
Verapamil,500,nM,hERG,44.4,0.1
Verapamil,500,nM,hERG,44.4,0.1
Verapamil,500,nM,hERG,44.5,0.1
Verapamil,1000,nM,hERG,77.2,0.1
Verapamil,1000,nM,hERG,74.1,0.1
Verapamil,1000,nM,hERG,68.7,0.1
Verapamil,50,nM,IK1,0,0.1
Verapamil,50,nM,IK1,2.9,0.1
Verapamil,50,nM,IK1,0,0.1
Verapamil,150,nM,IK1,0,0.1
Verapamil,150,nM,IK1,9.1,0.1
Verapamil,150,nM,IK1,2.2,0.1
Verapamil,150,nM,IK1,0,0.1
Verapamil,500,nM,IK1,0,0.1
Verapamil,500,nM,IK1,1.9,0.1
Verapamil,500,nM,IK1,0,0.1
Verapamil,1000,nM,IK1,0,0.1
Verapamil,1000,nM,IK1,10.6,0.1
Verapamil,1000,nM,IK1,1,0.1
Verapamil,5,nM,IKs,0,0.1
Verapamil,5,nM,IKs,0,0.1
Verapamil,5,nM,IKs,2.7,0.1
Verapamil,50,nM,IKs,0,0.1
Verapamil,50,nM,IKs,3.4,0.1
Verapamil,50,nM,IKs,4.7,0.1
Verapamil,150,nM,IKs,0,0.1
Verapamil,150,nM,IKs,1.6,0.1
Verapamil,150,nM,IKs,8.2,0.1
Verapamil,500,nM,IKs,0,0.1
Verapamil,500,nM,IKs,1.8,0.1
Verapamil,500,nM,IKs,5.4,0.1
Verapamil,50,nM,Peak sodium,0.8,0.1
Verapamil,50,nM,Peak sodium,0,0.1
Verapamil,50,nM,Peak sodium,0,0.1
Verapamil,150,nM,Peak sodium,0.3,0.1
Verapamil,150,nM,Peak sodium,0.6,0.1
Verapamil,150,nM,Peak sodium,0,0.1
Verapamil,500,nM,Peak sodium,0.8,0.1
Verapamil,500,nM,Peak sodium,0,0.1
Verapamil,500,nM,Peak sodium,0,0.1
Verapamil,1000,nM,Peak sodium,1.2,0.1
Verapamil,1000,nM,Peak sodium,0.2,0.1
Verapamil,1000,nM,Peak sodium,0,0.1
