drug,conc,units,channel,block,pacing
amiodarone,0.8,nM,ICaL,0,0.1
amiodarone,0.8,nM,ICaL,1.9,0.1
amiodarone,0.8,nM,ICaL,0.3,0.1
amiodarone,80,nM,ICaL,17.4,0.1
amiodarone,80,nM,ICaL,12.9,0.1
amiodarone,80,nM,ICaL,19.1,0.1
amiodarone,800,nM,ICaL,36.8,0.1
amiodarone,800,nM,ICaL,52.8,0.1
amiodarone,800,nM,ICaL,40.9,0.1
amiodarone,8000,nM,ICaL,69.2,0.1
amiodarone,8000,nM,ICaL,83.6,0.1
amiodarone,8000,nM,ICaL,69.6,0.1
amiodarone,0.8,nM,IK1,2.9,0.1
amiodarone,0.8,nM,IK1,0,0.1
amiodarone,0.8,nM,IK1,3.4,0.1
amiodarone,80,nM,IK1,0,0.1
amiodarone,80,nM,IK1,0,0.1
amiodarone,80,nM,IK1,0,0.1
amiodarone,800,nM,IK1,0.9,0.1
amiodarone,800,nM,IK1,3.5,0.1
amiodarone,800,nM,IK1,0,0.1
amiodarone,8000,nM,IK1,1.5,0.1
amiodarone,8000,nM,IK1,0,0.1
amiodarone,8000,nM,IK1,0,0.1
amiodarone,0.8,nM,IKs,4.6,0.1
amiodarone,0.8,nM,IKs,0,0.1
amiodarone,0.8,nM,IKs,0.5,0.1
amiodarone,80,nM,IKs,4.3,0.1
amiodarone,80,nM,IKs,3.9,0.1
amiodarone,80,nM,IKs,3.5,0.1
amiodarone,800,nM,IKs,13.3,0.1
amiodarone,800,nM,IKs,20.9,0.1
amiodarone,800,nM,IKs,9.6,0.1
amiodarone,8000,nM,IKs,23.6,0.1
amiodarone,8000,nM,IKs,39.9,0.1
amiodarone,8000,nM,IKs,48.7,0.1
amiodarone,0.8,nM,Ito,6.2,0.1
amiodarone,0.8,nM,Ito,1.6,0.1
amiodarone,0.8,nM,Ito,4.6,0.1
amiodarone,0.8,nM,Ito,14.3,0.1
amiodarone,80,nM,Ito,18.5,0.1
amiodarone,80,nM,Ito,27,0.1
amiodarone,80,nM,Ito,6.1,0.1
amiodarone,80,nM,Ito,27.3,0.1
amiodarone,800,nM,Ito,38.5,0.1
amiodarone,800,nM,Ito,49.3,0.1
amiodarone,800,nM,Ito,19.7,0.1
amiodarone,800,nM,Ito,28.6,0.1
amiodarone,8000,nM,Ito,74.9,0.1
amiodarone,8000,nM,Ito,45.5,0.1
amiodarone,8000,nM,Ito,55.9,0.1
amiodarone,0.8,nM,INaL,2.3,0.1
amiodarone,0.8,nM,INaL,0,0.1
amiodarone,0.8,nM,INaL,0,0.1
amiodarone,80,nM,INaL,21,0.1
amiodarone,80,nM,INaL,13.5,0.1
amiodarone,80,nM,INaL,9.2,0.1
amiodarone,800,nM,INaL,28.4,0.1
amiodarone,800,nM,INaL,23.8,0.1
amiodarone,800,nM,INaL,49.7,0.1
amiodarone,8000,nM,INaL,38.4,0.1
amiodarone,8000,nM,INaL,36.9,0.1
amiodarone,8000,nM,INaL,59.3,0.1
amiodarone,8000,nM,INaL,53.3,0.1
amiodarone,0.8,nM,INa,0,0.1
amiodarone,0.8,nM,INa,0.2,0.1
amiodarone,0.8,nM,INa,0.04,0.1
amiodarone,80,nM,INa,0,0.1
amiodarone,80,nM,INa,0.5,0.1
amiodarone,80,nM,INa,0.3,0.1
amiodarone,800,nM,INa,25.3,0.1
amiodarone,800,nM,INa,17.5,0.1
amiodarone,800,nM,INa,24.1,0.1
amiodarone,800,nM,INa,26.9,0.1
amiodarone,8000,nM,INa,60.3,0.1
amiodarone,8000,nM,INa,75.3,0.1
amiodarone,8000,nM,INa,42.3,0.1
amitriptyline,36,nM,Ito,26.1,0.1
amitriptyline,36,nM,Ito,50.8,0.1
amitriptyline,36,nM,Ito,19.7,0.1
amitriptyline,36,nM,Ito,0,0.1
amitriptyline,36,nM,Ito,0,0.1
amitriptyline,360,nM,Ito,47.8,0.1
amitriptyline,360,nM,Ito,58.8,0.1
amitriptyline,360,nM,Ito,3.6,0.1
amitriptyline,360,nM,Ito,11.7,0.1
amitriptyline,3600,nM,Ito,63.8,0.1
amitriptyline,3600,nM,Ito,80.9,0.1
amitriptyline,3600,nM,Ito,12,0.1
amitriptyline,3600,nM,Ito,19.5,0.1
amitriptyline,36000,nM,Ito,80,0.1
amitriptyline,36000,nM,Ito,87.7,0.1
amitriptyline,36000,nM,Ito,71.7,0.1
amitriptyline,36000,nM,Ito,80,0.1
amitriptyline,36000,nM,Ito,87.7,0.1
amitriptyline,36000,nM,Ito,80,0.1
amitriptyline,36,nM,INaL,0,0.1
amitriptyline,36,nM,INaL,0,0.1
amitriptyline,36,nM,INaL,5.8,0.1
amitriptyline,360,nM,INaL,30.5,0.1
amitriptyline,360,nM,INaL,20.4,0.1
amitriptyline,360,nM,INaL,30.3,0.1
amitriptyline,3600,nM,INaL,47.5,0.1
amitriptyline,3600,nM,INaL,34.9,0.1
amitriptyline,3600,nM,INaL,51.8,0.1
amitriptyline,36000,nM,INaL,85.4,0.1
amitriptyline,36000,nM,INaL,66,0.1
amitriptyline,36000,nM,INaL,74.4,0.1
amitriptyline,36,nM,ICaL,4,0.1
amitriptyline,36,nM,ICaL,6.4,0.1
amitriptyline,36,nM,ICaL,5.8,0.1
amitriptyline,360,nM,ICaL,24.5,0.1
amitriptyline,360,nM,ICaL,17.4,0.1
amitriptyline,360,nM,ICaL,19.8,0.1
amitriptyline,3600,nM,ICaL,76.7,0.1
amitriptyline,3600,nM,ICaL,64.9,0.1
amitriptyline,3600,nM,ICaL,82.2,0.1
amitriptyline,36000,nM,ICaL,97.8,0.1
amitriptyline,36000,nM,ICaL,93.1,0.1
amitriptyline,36000,nM,ICaL,93.8,0.1
amitriptyline,36,nM,IK1,0,0.1
amitriptyline,36,nM,IK1,0,0.1
amitriptyline,36,nM,IK1,0,0.1
amitriptyline,360,nM,IK1,0,0.1
amitriptyline,360,nM,IK1,2.3,0.1
amitriptyline,360,nM,IK1,5.2,0.1
amitriptyline,3600,nM,IK1,0,0.1
amitriptyline,3600,nM,IK1,1.7,0.1
amitriptyline,3600,nM,IK1,0,0.1
amitriptyline,36000,nM,IK1,0,0.1
amitriptyline,36000,nM,IK1,2.6,0.1
amitriptyline,36000,nM,IK1,12.2,0.1
amitriptyline,36,nM,IKs,10.1,0.1
amitriptyline,36,nM,IKs,16.6,0.1
amitriptyline,36,nM,IKs,9.7,0.1
amitriptyline,360,nM,IKs,34.8,0.1
amitriptyline,360,nM,IKs,27.2,0.1
amitriptyline,360,nM,IKs,21.8,0.1
amitriptyline,3600,nM,IKs,44.1,0.1
amitriptyline,3600,nM,IKs,48.8,0.1
amitriptyline,3600,nM,IKs,57.7,0.1
amitriptyline,36000,nM,IKs,93.3,0.1
amitriptyline,36000,nM,IKs,62.3,0.1
amitriptyline,36000,nM,IKs,82.4,0.1
amitriptyline,36000,nM,IKs,81.9,0.1
amitriptyline,36,nM,INa,3.1,0.1
amitriptyline,36,nM,INa,0,0.1
amitriptyline,36,nM,INa,0,0.1
amitriptyline,360,nM,INa,8,0.1
amitriptyline,360,nM,INa,11.6,0.1
amitriptyline,360,nM,INa,14.5,0.1
amitriptyline,3600,nM,INa,28.3,0.1
amitriptyline,3600,nM,INa,34.1,0.1
amitriptyline,3600,nM,INa,37.7,0.1
amitriptyline,36000,nM,INa,95.4,0.1
amitriptyline,36000,nM,INa,91.4,0.1
amitriptyline,36000,nM,INa,95.7,0.1
azithromycin,2000,nM,ICaL,0,0.1
azithromycin,2000,nM,ICaL,0,0.1
azithromycin,2000,nM,ICaL,0,0.1
azithromycin,20000,nM,ICaL,0,0.1
azithromycin,20000,nM,ICaL,0,0.1
azithromycin,20000,nM,ICaL,0,0.1
azithromycin,1e+05,nM,ICaL,1.5,0.1
azithromycin,1e+05,nM,ICaL,0,0.1
azithromycin,1e+05,nM,ICaL,3.8,0.1
azithromycin,1e+05,nM,ICaL,2.6,0.1
azithromycin,1e+05,nM,ICaL,0.3,0.1
azithromycin,3e+05,nM,ICaL,28.8,0.1
azithromycin,3e+05,nM,ICaL,5.6,0.1
azithromycin,3e+05,nM,ICaL,8.7,0.1
azithromycin,3e+05,nM,ICaL,13.7,0.1
azithromycin,2000,nM,IK1,0,0.1
azithromycin,2000,nM,IK1,0,0.1
azithromycin,2000,nM,IK1,0,0.1
azithromycin,20000,nM,IK1,0,0.1
azithromycin,20000,nM,IK1,0,0.1
azithromycin,20000,nM,IK1,0,0.1
azithromycin,1e+05,nM,IK1,0,0.1
azithromycin,1e+05,nM,IK1,0,0.1
azithromycin,1e+05,nM,IK1,0,0.1
azithromycin,3e+05,nM,IK1,3.6,0.1
azithromycin,3e+05,nM,IK1,5.4,0.1
azithromycin,3e+05,nM,IK1,2.8,0.1
azithromycin,2000,nM,IKs,0,0.1
azithromycin,2000,nM,IKs,0,0.1
azithromycin,2000,nM,IKs,0,0.1
azithromycin,20000,nM,IKs,0,0.1
azithromycin,20000,nM,IKs,0,0.1
azithromycin,20000,nM,IKs,0,0.1
azithromycin,1e+05,nM,IKs,11.9,0.1
azithromycin,1e+05,nM,IKs,10.5,0.1
azithromycin,1e+05,nM,IKs,11.7,0.1
azithromycin,3e+05,nM,IKs,31.4,0.1
azithromycin,3e+05,nM,IKs,19.3,0.1
azithromycin,3e+05,nM,IKs,39.1,0.1
azithromycin,3e+05,nM,IKs,50.7,0.1
azithromycin,2000,nM,INa,0,0.1
azithromycin,2000,nM,INa,0,0.1
azithromycin,2000,nM,INa,0,0.1
azithromycin,20000,nM,INa,0,0.1
azithromycin,20000,nM,INa,0,0.1
azithromycin,20000,nM,INa,4.1,0.1
azithromycin,1e+05,nM,INa,3.4,0.1
azithromycin,1e+05,nM,INa,0,0.1
azithromycin,1e+05,nM,INa,2.2,0.1
azithromycin,3e+05,nM,INa,18.9,0.1
azithromycin,3e+05,nM,INa,6,0.1
azithromycin,3e+05,nM,INa,17.5,0.1
azithromycin,2000,nM,Ito,9.6,0.1
azithromycin,2000,nM,Ito,19.2,0.1
azithromycin,2000,nM,Ito,10.4,0.1
azithromycin,20000,nM,Ito,47.9,0.1
azithromycin,20000,nM,Ito,44.2,0.1
azithromycin,20000,nM,Ito,6.1,0.1
azithromycin,1e+05,nM,Ito,68.5,0.1
azithromycin,1e+05,nM,Ito,55.7,0.1
azithromycin,1e+05,nM,Ito,18.4,0.1
azithromycin,3e+05,nM,Ito,83.6,0.1
azithromycin,3e+05,nM,Ito,67.3,0.1
azithromycin,3e+05,nM,Ito,53.8,0.1
azithromycin,2000,nM,INaL,0,0.1
azithromycin,2000,nM,INaL,2.4,0.1
azithromycin,2000,nM,INaL,3.2,0.1
azithromycin,20000,nM,INaL,0.9,0.1
azithromycin,20000,nM,INaL,7.8,0.1
azithromycin,20000,nM,INaL,3.9,0.1
azithromycin,1e+05,nM,INaL,23.3,0.1
azithromycin,1e+05,nM,INaL,20.9,0.1
azithromycin,1e+05,nM,INaL,24.4,0.1
azithromycin,3e+05,nM,INaL,64.2,0.1
azithromycin,3e+05,nM,INaL,80.7,0.1
azithromycin,3e+05,nM,INaL,66.6,0.1
bepridil,30,nM,ICaL,3.7,0.1
bepridil,30,nM,ICaL,1.6,0.1
bepridil,30,nM,ICaL,7.4,0.1
bepridil,180,nM,ICaL,25.8,0.1
bepridil,180,nM,ICaL,7.7,0.1
bepridil,180,nM,ICaL,9.9,0.1
bepridil,900,nM,ICaL,46.7,0.1
bepridil,900,nM,ICaL,26.1,0.1
bepridil,900,nM,ICaL,25.9,0.1
bepridil,3000,nM,ICaL,57,0.1
bepridil,3000,nM,ICaL,50.2,0.1
bepridil,3000,nM,ICaL,44.9,0.1
bepridil,30,nM,IK1,2.9,0.1
bepridil,30,nM,IK1,0.5,0.1
bepridil,30,nM,IK1,0,0.1
bepridil,180,nM,IK1,0,0.1
bepridil,180,nM,IK1,0.2,0.1
bepridil,180,nM,IK1,0,0.1
bepridil,900,nM,IK1,0,0.1
bepridil,900,nM,IK1,0,0.1
bepridil,900,nM,IK1,0.4,0.1
bepridil,3000,nM,IK1,0,0.1
bepridil,3000,nM,IK1,0,0.1
bepridil,3000,nM,IK1,1.6,0.1
bepridil,30,nM,IKs,0,0.1
bepridil,30,nM,IKs,0.9,0.1
bepridil,30,nM,IKs,0,0.1
bepridil,180,nM,IKs,0,0.1
bepridil,180,nM,IKs,0.7,0.1
bepridil,180,nM,IKs,0,0.1
bepridil,900,nM,IKs,2.4,0.1
bepridil,900,nM,IKs,17.9,0.1
bepridil,900,nM,IKs,11.2,0.1
bepridil,900,nM,IKs,7.3,0.1
bepridil,3000,nM,IKs,18.8,0.1
bepridil,3000,nM,IKs,14.6,0.1
bepridil,3000,nM,IKs,15.2,0.1
bepridil,30,nM,Ito,0,0.1
bepridil,30,nM,Ito,0,0.1
bepridil,30,nM,Ito,0,0.1
bepridil,180,nM,Ito,0.2,0.1
bepridil,180,nM,Ito,0,0.1
bepridil,180,nM,Ito,0,0.1
bepridil,900,nM,Ito,0.1,0.1
bepridil,900,nM,Ito,0,0.1
bepridil,900,nM,Ito,0,0.1
bepridil,3000,nM,Ito,0,0.1
bepridil,3000,nM,Ito,6.2,0.1
bepridil,3000,nM,Ito,3.2,0.1
bepridil,3000,nM,Ito,0,0.1
bepridil,30,nM,INaL,2,0.1
bepridil,30,nM,INaL,5.9,0.1
bepridil,30,nM,INaL,0,0.1
bepridil,180,nM,INaL,2.9,0.1
bepridil,180,nM,INaL,5.5,0.1
bepridil,180,nM,INaL,0,0.1
bepridil,900,nM,INaL,20.7,0.1
bepridil,900,nM,INaL,28.3,0.1
bepridil,900,nM,INaL,32.8,0.1
bepridil,3000,nM,INaL,61.4,0.1
bepridil,3000,nM,INaL,61.5,0.1
bepridil,3000,nM,INaL,78.1,0.1
bepridil,30,nM,INa,0,0.1
bepridil,30,nM,INa,2.2,0.1
bepridil,30,nM,INa,1.2,0.1
bepridil,180,nM,INa,5.4,0.1
bepridil,180,nM,INa,7.9,0.1
bepridil,180,nM,INa,8.1,0.1
bepridil,180,nM,INa,13.9,0.1
bepridil,900,nM,INa,15.2,0.1
bepridil,900,nM,INa,9.1,0.1
bepridil,900,nM,INa,13.1,0.1
bepridil,900,nM,INa,32.6,0.1
bepridil,3000,nM,INa,61.7,0.1
bepridil,3000,nM,INa,53.7,0.1
bepridil,3000,nM,INa,42.8,0.1
bepridil,3000,nM,INa,48.6,0.1
chloroquine,250,nM,Ito,3.5,0.1
chloroquine,250,nM,Ito,0,0.1
chloroquine,250,nM,Ito,0,0.1
chloroquine,750,nM,Ito,4.4,0.1
chloroquine,750,nM,Ito,0.6,0.1
chloroquine,750,nM,Ito,0,0.1
chloroquine,2500,nM,Ito,0,0.1
chloroquine,2500,nM,Ito,2.8,0.1
chloroquine,2500,nM,Ito,1,0.1
chloroquine,25000,nM,Ito,4.9,0.1
chloroquine,25000,nM,Ito,0,0.1
chloroquine,25000,nM,Ito,3.9,0.1
chloroquine,25000,nM,Ito,11.9,0.1
chloroquine,25000,nM,Ito,0,0.1
chloroquine,25000,nM,Ito,0.8,0.1
chloroquine,250,nM,INaL,0,0.1
chloroquine,250,nM,INaL,0,0.1
chloroquine,250,nM,INaL,0,0.1
chloroquine,750,nM,INaL,10.4,0.1
chloroquine,750,nM,INaL,0,0.1
chloroquine,750,nM,INaL,0,0.1
chloroquine,2500,nM,INaL,11.3,0.1
chloroquine,2500,nM,INaL,13.1,0.1
chloroquine,2500,nM,INaL,4.1,0.1
chloroquine,25000,nM,INaL,11.8,0.1
chloroquine,25000,nM,INaL,28.2,0.1
chloroquine,25000,nM,INaL,23.8,0.1
chloroquine,250,nM,ICaL,4.8,0.1
chloroquine,250,nM,ICaL,0,0.1
chloroquine,250,nM,ICaL,0.9,0.1
chloroquine,750,nM,ICaL,7,0.1
chloroquine,750,nM,ICaL,0,0.1
chloroquine,750,nM,ICaL,1.6,0.1
chloroquine,2500,nM,ICaL,7.8,0.1
chloroquine,2500,nM,ICaL,0,0.1
chloroquine,2500,nM,ICaL,1,0.1
chloroquine,25000,nM,ICaL,2.5,0.1
chloroquine,25000,nM,ICaL,2.8,0.1
chloroquine,25000,nM,ICaL,11.8,0.1
chloroquine,250,nM,IK1,0,0.1
chloroquine,250,nM,IK1,0,0.1
chloroquine,250,nM,IK1,0,0.1
chloroquine,750,nM,IK1,6.8,0.1
chloroquine,750,nM,IK1,11.2,0.1
chloroquine,750,nM,IK1,9,0.1
chloroquine,2500,nM,IK1,20.1,0.1
chloroquine,2500,nM,IK1,32.8,0.1
chloroquine,2500,nM,IK1,26.7,0.1
chloroquine,25000,nM,IK1,58.6,0.1
chloroquine,25000,nM,IK1,73.4,0.1
chloroquine,25000,nM,IK1,65.3,0.1
chloroquine,250,nM,IKs,0,0.1
chloroquine,250,nM,IKs,0.8,0.1
chloroquine,250,nM,IKs,0,0.1
chloroquine,750,nM,IKs,0.4,0.1
chloroquine,750,nM,IKs,0,0.1
chloroquine,750,nM,IKs,0,0.1
chloroquine,2500,nM,IKs,3.3,0.1
chloroquine,2500,nM,IKs,0.2,0.1
chloroquine,2500,nM,IKs,1.8,0.1
chloroquine,25000,nM,IKs,17.2,0.1
chloroquine,25000,nM,IKs,22,0.1
chloroquine,25000,nM,IKs,11.3,0.1
chloroquine,250,nM,INa,0,0.1
chloroquine,250,nM,INa,0,0.1
chloroquine,250,nM,INa,1.1,0.1
chloroquine,750,nM,INa,0,0.1
chloroquine,750,nM,INa,0,0.1
chloroquine,750,nM,INa,1.6,0.1
chloroquine,2500,nM,INa,0,0.1
chloroquine,2500,nM,INa,4.9,0.1
chloroquine,2500,nM,INa,9.1,0.1
chloroquine,25000,nM,INa,13.3,0.1
chloroquine,25000,nM,INa,21.6,0.1
chloroquine,25000,nM,INa,14.4,0.1
chlorpromazine,35,nM,Ito,0,0.1
chlorpromazine,35,nM,Ito,0,0.1
chlorpromazine,35,nM,Ito,1.8,0.1
chlorpromazine,350,nM,Ito,0,0.1
chlorpromazine,350,nM,Ito,0.9,0.1
chlorpromazine,350,nM,Ito,3.1,0.1
chlorpromazine,1750,nM,Ito,0,0.1
chlorpromazine,1750,nM,Ito,1.4,0.1
chlorpromazine,1750,nM,Ito,10.9,0.1
chlorpromazine,10500,nM,Ito,10.4,0.1
chlorpromazine,10500,nM,Ito,5.7,0.1
chlorpromazine,10500,nM,Ito,1.9,0.1
chlorpromazine,35,nM,INaL,0,0.1
chlorpromazine,35,nM,INaL,1,0.1
chlorpromazine,35,nM,INaL,0,0.1
chlorpromazine,350,nM,INaL,8.5,0.1
chlorpromazine,350,nM,INaL,9.8,0.1
chlorpromazine,350,nM,INaL,13,0.1
chlorpromazine,1750,nM,INaL,29.1,0.1
chlorpromazine,1750,nM,INaL,25.1,0.1
chlorpromazine,1750,nM,INaL,28.4,0.1
chlorpromazine,10500,nM,INaL,80.8,0.1
chlorpromazine,10500,nM,INaL,63.8,0.1
chlorpromazine,10500,nM,INaL,63.1,0.1
chlorpromazine,35,nM,ICaL,5.2,0.1
chlorpromazine,35,nM,ICaL,3.1,0.1
chlorpromazine,35,nM,ICaL,1.8,0.1
chlorpromazine,350,nM,ICaL,5.7,0.1
chlorpromazine,350,nM,ICaL,5.2,0.1
chlorpromazine,350,nM,ICaL,8.8,0.1
chlorpromazine,1750,nM,ICaL,26,0.1
chlorpromazine,1750,nM,ICaL,16.5,0.1
chlorpromazine,1750,nM,ICaL,20.2,0.1
chlorpromazine,10500,nM,ICaL,46.9,0.1
chlorpromazine,10500,nM,ICaL,71.3,0.1
chlorpromazine,10500,nM,ICaL,48.1,0.1
chlorpromazine,35,nM,IK1,0,0.1
chlorpromazine,35,nM,IK1,0,0.1
chlorpromazine,35,nM,IK1,0,0.1
chlorpromazine,350,nM,IK1,6.7,0.1
chlorpromazine,350,nM,IK1,4.8,0.1
chlorpromazine,350,nM,IK1,10.3,0.1
chlorpromazine,1750,nM,IK1,26.8,0.1
chlorpromazine,1750,nM,IK1,21,0.1
chlorpromazine,1750,nM,IK1,32.8,0.1
chlorpromazine,10500,nM,IK1,41.2,0.1
chlorpromazine,10500,nM,IK1,48.6,0.1
chlorpromazine,10500,nM,IK1,63.4,0.1
chlorpromazine,35,nM,IKs,3.8,0.1
chlorpromazine,35,nM,IKs,1.7,0.1
chlorpromazine,35,nM,IKs,0.02,0.1
chlorpromazine,350,nM,IKs,0.9,0.1
chlorpromazine,350,nM,IKs,5.7,0.1
chlorpromazine,350,nM,IKs,5.3,0.1
chlorpromazine,1750,nM,IKs,0.8,0.1
chlorpromazine,1750,nM,IKs,6.4,0.1
chlorpromazine,1750,nM,IKs,6.9,0.1
chlorpromazine,10500,nM,IKs,3.9,0.1
chlorpromazine,10500,nM,IKs,11.5,0.1
chlorpromazine,10500,nM,IKs,0.2,0.1
chlorpromazine,35,nM,INa,1.1,0.1
chlorpromazine,35,nM,INa,0.05,0.1
chlorpromazine,35,nM,INa,0,0.1
chlorpromazine,350,nM,INa,0,0.1
chlorpromazine,350,nM,INa,0,0.1
chlorpromazine,350,nM,INa,0,0.1
chlorpromazine,1750,nM,INa,10,0.1
chlorpromazine,1750,nM,INa,17.2,0.1
chlorpromazine,1750,nM,INa,12,0.1
chlorpromazine,10500,nM,INa,71.7,0.1
chlorpromazine,10500,nM,INa,82.5,0.1
chlorpromazine,10500,nM,INa,98.4,0.1
cibenzoline,600,nM,Ito,0,0.1
cibenzoline,600,nM,Ito,0,0.1
cibenzoline,600,nM,Ito,1.3,0.1
cibenzoline,1800,nM,Ito,0,0.1
cibenzoline,1800,nM,Ito,0,0.1
cibenzoline,1800,nM,Ito,2.6,0.1
cibenzoline,6000,nM,Ito,0,0.1
cibenzoline,6000,nM,Ito,0,0.1
cibenzoline,6000,nM,Ito,4.1,0.1
cibenzoline,60000,nM,Ito,0,0.1
cibenzoline,60000,nM,Ito,0,0.1
cibenzoline,60000,nM,Ito,5.9,0.1
cibenzoline,60000,nM,Ito,0,0.1
cibenzoline,60000,nM,Ito,0,0.1
cibenzoline,60000,nM,Ito,0.6,0.1
cibenzoline,600,nM,INaL,4.3,0.1
cibenzoline,600,nM,INaL,0,0.1
cibenzoline,600,nM,INaL,0,0.1
cibenzoline,1800,nM,INaL,23.5,0.1
cibenzoline,1800,nM,INaL,0,0.1
cibenzoline,1800,nM,INaL,0,0.1
cibenzoline,6000,nM,INaL,62.8,0.1
cibenzoline,6000,nM,INaL,22.9,0.1
cibenzoline,6000,nM,INaL,26.3,0.1
cibenzoline,60000,nM,INaL,42.4,0.1
cibenzoline,60000,nM,INaL,53.8,0.1
cibenzoline,60000,nM,INaL,52.3,0.1
cibenzoline,600,nM,ICaL,0,0.1
cibenzoline,600,nM,ICaL,0.9,0.1
cibenzoline,600,nM,ICaL,1.2,0.1
cibenzoline,1800,nM,ICaL,2.8,0.1
cibenzoline,1800,nM,ICaL,2.9,0.1
cibenzoline,1800,nM,ICaL,4.3,0.1
cibenzoline,6000,nM,ICaL,14.8,0.1
cibenzoline,6000,nM,ICaL,10.6,0.1
cibenzoline,6000,nM,ICaL,6.7,0.1
cibenzoline,60000,nM,ICaL,28.6,0.1
cibenzoline,60000,nM,ICaL,31.8,0.1
cibenzoline,60000,nM,ICaL,23.8,0.1
cibenzoline,600,nM,IK1,0,0.1
cibenzoline,600,nM,IK1,0,0.1
cibenzoline,600,nM,IK1,0,0.1
cibenzoline,1800,nM,IK1,10.4,0.1
cibenzoline,1800,nM,IK1,0,0.1
cibenzoline,1800,nM,IK1,0,0.1
cibenzoline,6000,nM,IK1,5.3,0.1
cibenzoline,6000,nM,IK1,0,0.1
cibenzoline,6000,nM,IK1,0,0.1
cibenzoline,60000,nM,IK1,0.3,0.1
cibenzoline,60000,nM,IK1,0,0.1
cibenzoline,60000,nM,IK1,0,0.1
cibenzoline,600,nM,IKs,0,0.1
cibenzoline,600,nM,IKs,0.2,0.1
cibenzoline,600,nM,IKs,2.3,0.1
cibenzoline,1800,nM,IKs,5.6,0.1
cibenzoline,1800,nM,IKs,0.9,0.1
cibenzoline,1800,nM,IKs,4,0.1
cibenzoline,6000,nM,IKs,10.3,0.1
cibenzoline,6000,nM,IKs,0,0.1
cibenzoline,6000,nM,IKs,5,0.1
cibenzoline,60000,nM,IKs,11.5,0.1
cibenzoline,60000,nM,IKs,0,0.1
cibenzoline,60000,nM,IKs,0,0.1
cibenzoline,600,nM,INa,0,0.1
cibenzoline,600,nM,INa,0.1,0.1
cibenzoline,600,nM,INa,0,0.1
cibenzoline,1800,nM,INa,2.3,0.1
cibenzoline,1800,nM,INa,5.5,0.1
cibenzoline,1800,nM,INa,2.3,0.1
cibenzoline,6000,nM,INa,12.8,0.1
cibenzoline,6000,nM,INa,18.3,0.1
cibenzoline,6000,nM,INa,21.2,0.1
cibenzoline,60000,nM,INa,70.3,0.1
cibenzoline,60000,nM,INa,84.9,0.1
cibenzoline,60000,nM,INa,77.9,0.1
cisapride,2.5,nM,Ito,5.4,0.1
cisapride,2.5,nM,Ito,0.3,0.1
cisapride,2.5,nM,Ito,10.3,0.1
cisapride,7.5,nM,Ito,10.5,0.1
cisapride,7.5,nM,Ito,8.9,0.1
cisapride,7.5,nM,Ito,0.3,0.1
cisapride,25,nM,Ito,9.5,0.1
cisapride,25,nM,Ito,6.1,0.1
cisapride,25,nM,Ito,21.1,0.1
cisapride,125,nM,Ito,17.7,0.1
cisapride,125,nM,Ito,14.1,0.1
cisapride,125,nM,Ito,7.7,0.1
cisapride,2.5,nM,INaL,0,0.1
cisapride,2.5,nM,INaL,0,0.1
cisapride,2.5,nM,INaL,0,0.1
cisapride,7.5,nM,INaL,0,0.1
cisapride,7.5,nM,INaL,0,0.1
cisapride,7.5,nM,INaL,0,0.1
cisapride,25,nM,INaL,0,0.1
cisapride,25,nM,INaL,0,0.1
cisapride,25,nM,INaL,0,0.1
cisapride,125,nM,INaL,0,0.1
cisapride,125,nM,INaL,0,0.1
cisapride,125,nM,INaL,0,0.1
cisapride,2.5,nM,ICaL,0,0.1
cisapride,2.5,nM,ICaL,0,0.1
cisapride,2.5,nM,ICaL,0,0.1
cisapride,7.5,nM,ICaL,0,0.1
cisapride,7.5,nM,ICaL,0,0.1
cisapride,7.5,nM,ICaL,0,0.1
cisapride,25,nM,ICaL,0,0.1
cisapride,25,nM,ICaL,0,0.1
cisapride,25,nM,ICaL,2.5,0.1
cisapride,125,nM,ICaL,0,0.1
cisapride,125,nM,ICaL,0,0.1
cisapride,125,nM,ICaL,2.2,0.1
cisapride,2.5,nM,IK1,0,0.1
cisapride,2.5,nM,IK1,0,0.1
cisapride,2.5,nM,IK1,0,0.1
cisapride,7.5,nM,IK1,0,0.1
cisapride,7.5,nM,IK1,0,0.1
cisapride,7.5,nM,IK1,0,0.1
cisapride,25,nM,IK1,0,0.1
cisapride,25,nM,IK1,0,0.1
cisapride,25,nM,IK1,13.7,0.1
cisapride,125,nM,IK1,14.6,0.1
cisapride,125,nM,IK1,0,0.1
cisapride,125,nM,IK1,1.2,0.1
cisapride,2.5,nM,IKs,0,0.1
cisapride,2.5,nM,IKs,0.01,0.1
cisapride,2.5,nM,IKs,1.2,0.1
cisapride,7.5,nM,IKs,0,0.1
cisapride,7.5,nM,IKs,0.01,0.1
cisapride,7.5,nM,IKs,1.8,0.1
cisapride,25,nM,IKs,0,0.1
cisapride,25,nM,IKs,2.2,0.1
cisapride,25,nM,IKs,3.4,0.1
cisapride,125,nM,IKs,0,0.1
cisapride,125,nM,IKs,0.4,0.1
cisapride,125,nM,IKs,4.9,0.1
cisapride,2.5,nM,INa,0,0.1
cisapride,2.5,nM,INa,0.4,0.1
cisapride,2.5,nM,INa,1.1,0.1
cisapride,7.5,nM,INa,0,0.1
cisapride,7.5,nM,INa,2.9,0.1
cisapride,7.5,nM,INa,1.7,0.1
cisapride,25,nM,INa,3.8,0.1
cisapride,25,nM,INa,6.1,0.1
cisapride,25,nM,INa,0,0.1
cisapride,25,nM,INa,0,0.1
cisapride,125,nM,INa,6.1,0.1
cisapride,125,nM,INa,0.7,0.1
cisapride,125,nM,INa,0,0.1
cisapride,125,nM,INa,2.9,0.1
diltiazem,20,nM,Ito,0.3,0.1
diltiazem,20,nM,Ito,0,0.1
diltiazem,20,nM,Ito,9.6,0.1
diltiazem,150,nM,Ito,5.5,0.1
diltiazem,150,nM,Ito,5.8,0.1
diltiazem,150,nM,Ito,9.8,0.1
diltiazem,500,nM,Ito,5.9,0.1
diltiazem,500,nM,Ito,2,0.1
diltiazem,500,nM,Ito,9.4,0.1
diltiazem,12500,nM,Ito,9.3,0.1
diltiazem,12500,nM,Ito,8,0.1
diltiazem,12500,nM,Ito,15.8,0.1
diltiazem,20,nM,INaL,0,0.1
diltiazem,20,nM,INaL,4.4,0.1
diltiazem,20,nM,INaL,0,0.1
diltiazem,150,nM,INaL,0,0.1
diltiazem,150,nM,INaL,7.8,0.1
diltiazem,150,nM,INaL,0.8,0.1
diltiazem,500,nM,INaL,3.4,0.1
diltiazem,500,nM,INaL,13.2,0.1
diltiazem,500,nM,INaL,5.3,0.1
diltiazem,12500,nM,INaL,42.4,0.1
diltiazem,12500,nM,INaL,41.4,0.1
diltiazem,12500,nM,INaL,38.1,0.1
diltiazem,20,nM,ICaL,30.9,0.1
diltiazem,20,nM,ICaL,22.4,0.1
diltiazem,20,nM,ICaL,22.5,0.1
diltiazem,150,nM,ICaL,64.3,0.1
diltiazem,150,nM,ICaL,42.9,0.1
diltiazem,150,nM,ICaL,43.5,0.1
diltiazem,500,nM,ICaL,89.4,0.1
diltiazem,500,nM,ICaL,75.3,0.1
diltiazem,500,nM,ICaL,70.3,0.1
diltiazem,12500,nM,ICaL,97.8,0.1
diltiazem,12500,nM,ICaL,93.1,0.1
diltiazem,12500,nM,ICaL,100,0.1
diltiazem,20,nM,IK1,0,0.1
diltiazem,20,nM,IK1,7.9,0.1
diltiazem,20,nM,IK1,1.3,0.1
diltiazem,150,nM,IK1,0,0.1
diltiazem,150,nM,IK1,6.8,0.1
diltiazem,150,nM,IK1,6.3,0.1
diltiazem,500,nM,IK1,5.6,0.1
diltiazem,500,nM,IK1,0,0.1
diltiazem,500,nM,IK1,9.1,0.1
diltiazem,12500,nM,IK1,4.8,0.1
diltiazem,12500,nM,IK1,0,0.1
diltiazem,12500,nM,IK1,9,0.1
diltiazem,20,nM,IKs,0,0.1
diltiazem,20,nM,IKs,0.3,0.1
diltiazem,20,nM,IKs,0,0.1
diltiazem,150,nM,IKs,0,0.1
diltiazem,150,nM,IKs,0,0.1
diltiazem,150,nM,IKs,0,0.1
diltiazem,500,nM,IKs,0,0.1
diltiazem,500,nM,IKs,0,0.1
diltiazem,500,nM,IKs,0,0.1
diltiazem,12500,nM,IKs,0,0.1
diltiazem,12500,nM,IKs,0,0.1
diltiazem,12500,nM,IKs,0,0.1
diltiazem,20,nM,INa,0,0.1
diltiazem,20,nM,INa,0,0.1
diltiazem,20,nM,INa,0,0.1
diltiazem,150,nM,INa,0,0.1
diltiazem,150,nM,INa,0,0.1
diltiazem,150,nM,INa,0,0.1
diltiazem,500,nM,INa,4.2,0.1
diltiazem,500,nM,INa,0,0.1
diltiazem,500,nM,INa,4.3,0.1
diltiazem,12500,nM,INa,12.8,0.1
diltiazem,12500,nM,INa,27.3,0.1
diltiazem,12500,nM,INa,13.1,0.1
dofetilide,1,nM,Ito,4.3,0.1
dofetilide,1,nM,Ito,5.9,0.1
dofetilide,1,nM,Ito,3.9,0.1
dofetilide,2,nM,Ito,20.9,0.1
dofetilide,2,nM,Ito,16.9,0.1
dofetilide,2,nM,Ito,14.3,0.1
dofetilide,3,nM,Ito,26.9,0.1
dofetilide,3,nM,Ito,28.4,0.1
dofetilide,3,nM,Ito,14.3,0.1
dofetilide,6,nM,Ito,34.9,0.1
dofetilide,6,nM,Ito,24.1,0.1
dofetilide,6,nM,Ito,22.1,0.1
dofetilide,1,nM,INaL,3.9,0.1
dofetilide,1,nM,INaL,5.4,0.1
dofetilide,1,nM,INaL,0,0.1
dofetilide,2,nM,INaL,3.1,0.1
dofetilide,2,nM,INaL,6.5,0.1
dofetilide,2,nM,INaL,0,0.1
dofetilide,3,nM,INaL,0,0.1
dofetilide,3,nM,INaL,11.2,0.1
dofetilide,3,nM,INaL,0,0.1
dofetilide,6,nM,INaL,1.8,0.1
dofetilide,6,nM,INaL,12.1,0.1
dofetilide,6,nM,INaL,0,0.1
dofetilide,1,nM,ICaL,0,0.1
dofetilide,1,nM,ICaL,0.4,0.1
dofetilide,1,nM,ICaL,0,0.1
dofetilide,1,nM,ICaL,0,0.1
dofetilide,2,nM,ICaL,0,0.1
dofetilide,2,nM,ICaL,1.1,0.1
dofetilide,2,nM,ICaL,0,0.1
dofetilide,2,nM,ICaL,0,0.1
dofetilide,3,nM,ICaL,2.1,0.1
dofetilide,3,nM,ICaL,0,0.1
dofetilide,3,nM,ICaL,0,0.1
dofetilide,6,nM,ICaL,3.6,0.1
dofetilide,6,nM,ICaL,0,0.1
dofetilide,6,nM,ICaL,0,0.1
dofetilide,1,nM,IK1,0,0.1
dofetilide,1,nM,IK1,0.6,0.1
dofetilide,1,nM,IK1,0,0.1
dofetilide,2,nM,IK1,0,0.1
dofetilide,2,nM,IK1,0,0.1
dofetilide,2,nM,IK1,3,0.1
dofetilide,3,nM,IK1,0,0.1
dofetilide,3,nM,IK1,0,0.1
dofetilide,3,nM,IK1,12.4,0.1
dofetilide,6,nM,IK1,0,0.1
dofetilide,6,nM,IK1,0,0.1
dofetilide,6,nM,IK1,10.1,0.1
dofetilide,1,nM,IKs,0,0.1
dofetilide,1,nM,IKs,0,0.1
dofetilide,1,nM,IKs,0,0.1
dofetilide,2,nM,IKs,1.3,0.1
dofetilide,2,nM,IKs,0,0.1
dofetilide,2,nM,IKs,0,0.1
dofetilide,3,nM,IKs,3.9,0.1
dofetilide,3,nM,IKs,0,0.1
dofetilide,3,nM,IKs,0,0.1
dofetilide,6,nM,IKs,0.7,0.1
dofetilide,6,nM,IKs,0,0.1
dofetilide,6,nM,IKs,0,0.1
dofetilide,1,nM,INa,0,0.1
dofetilide,1,nM,INa,1.4,0.1
dofetilide,1,nM,INa,0.1,0.1
dofetilide,2,nM,INa,0.8,0.1
dofetilide,2,nM,INa,0,0.1
dofetilide,2,nM,INa,2.7,0.1
dofetilide,3,nM,INa,0.6,0.1
dofetilide,3,nM,INa,0,0.1
dofetilide,3,nM,INa,2.5,0.1
dofetilide,6,nM,INa,0.8,0.1
dofetilide,6,nM,INa,1.5,0.1
dofetilide,6,nM,INa,5.1,0.1
flecainide,200,nM,ICaL,3.9,0.1
flecainide,200,nM,ICaL,1.5,0.1
flecainide,200,nM,ICaL,0,0.1
flecainide,1000,nM,ICaL,0.1,0.1
flecainide,1000,nM,ICaL,2.5,0.1
flecainide,1000,nM,ICaL,0.6,0.1
flecainide,4000,nM,ICaL,4.7,0.1
flecainide,4000,nM,ICaL,9.6,0.1
flecainide,4000,nM,ICaL,6.9,0.1
flecainide,20000,nM,ICaL,30.3,0.1
flecainide,20000,nM,ICaL,56.5,0.1
flecainide,20000,nM,ICaL,37.9,0.1
flecainide,200,nM,IK1,1.6,0.1
flecainide,200,nM,IK1,0,0.1
flecainide,200,nM,IK1,0,0.1
flecainide,1000,nM,IK1,0,0.1
flecainide,1000,nM,IK1,0.6,0.1
flecainide,1000,nM,IK1,0,0.1
flecainide,4000,nM,IK1,0,0.1
flecainide,4000,nM,IK1,0,0.1
flecainide,4000,nM,IK1,0,0.1
flecainide,20000,nM,IK1,0,0.1
flecainide,20000,nM,IK1,0,0.1
flecainide,20000,nM,IK1,1,0.1
flecainide,200,nM,IKs,0,0.1
flecainide,200,nM,IKs,0,0.1
flecainide,200,nM,IKs,0,0.1
flecainide,1000,nM,IKs,0,0.1
flecainide,1000,nM,IKs,1.1,0.1
flecainide,1000,nM,IKs,0,0.1
flecainide,4000,nM,IKs,0,0.1
flecainide,4000,nM,IKs,0,0.1
flecainide,4000,nM,IKs,0,0.1
flecainide,20000,nM,IKs,14.7,0.1
flecainide,20000,nM,IKs,23.3,0.1
flecainide,20000,nM,IKs,13,0.1
flecainide,20000,nM,IKs,20.5,0.1
flecainide,200,nM,Ito,11.3,0.1
flecainide,200,nM,Ito,8.6,0.1
flecainide,200,nM,Ito,11.9,0.1
flecainide,1000,nM,Ito,12.8,0.1
flecainide,1000,nM,Ito,18.1,0.1
flecainide,1000,nM,Ito,13.4,0.1
flecainide,4000,nM,Ito,34.8,0.1
flecainide,4000,nM,Ito,36.1,0.1
flecainide,4000,nM,Ito,30.6,0.1
flecainide,20000,nM,Ito,68.1,0.1
flecainide,20000,nM,Ito,58.6,0.1
flecainide,20000,nM,Ito,67.9,0.1
flecainide,200,nM,INaL,1.8,0.1
flecainide,200,nM,INaL,6.8,0.1
flecainide,200,nM,INaL,1.7,0.1
flecainide,1000,nM,INaL,16.7,0.1
flecainide,1000,nM,INaL,20.4,0.1
flecainide,1000,nM,INaL,14.1,0.1
flecainide,4000,nM,INaL,24.5,0.1
flecainide,4000,nM,INaL,28.7,0.1
flecainide,4000,nM,INaL,17.6,0.1
flecainide,20000,nM,INaL,52.3,0.1
flecainide,20000,nM,INaL,51.8,0.1
flecainide,20000,nM,INaL,49.1,0.1
flecainide,20000,nM,INaL,53.6,0.1
flecainide,200,nM,INa,0,0.1
flecainide,200,nM,INa,0.6,0.1
flecainide,200,nM,INa,0,0.1
flecainide,1000,nM,INa,0,0.1
flecainide,1000,nM,INa,4.3,0.1
flecainide,1000,nM,INa,0.5,0.1
flecainide,4000,nM,INa,21.4,0.1
flecainide,4000,nM,INa,33.3,0.1
flecainide,4000,nM,INa,28.5,0.1
flecainide,20000,nM,INa,77.6,0.1
flecainide,20000,nM,INa,88.5,0.1
flecainide,20000,nM,INa,99.8,0.1
lidocaine,625,nM,ICaL,1.2,0.1
lidocaine,625,nM,ICaL,0,0.1
lidocaine,625,nM,ICaL,0,0.1
lidocaine,625,nM,ICaL,1.3,0.1
lidocaine,625,nM,ICaL,0,0.1
lidocaine,2500,nM,ICaL,0,0.1
lidocaine,2500,nM,ICaL,0,0.1
lidocaine,2500,nM,ICaL,3.3,0.1
lidocaine,2500,nM,ICaL,0,0.1
lidocaine,5000,nM,ICaL,0,0.1
lidocaine,5000,nM,ICaL,0,0.1
lidocaine,5000,nM,ICaL,0,0.1
lidocaine,10000,nM,ICaL,0,0.1
lidocaine,10000,nM,ICaL,0,0.1
lidocaine,10000,nM,ICaL,0,0.1
lidocaine,625,nM,IK1,0,0.1
lidocaine,625,nM,IK1,0,0.1
lidocaine,625,nM,IK1,3.6,0.1
lidocaine,2500,nM,IK1,0,0.1
lidocaine,2500,nM,IK1,0,0.1
lidocaine,2500,nM,IK1,6.9,0.1
lidocaine,5000,nM,IK1,0,0.1
lidocaine,5000,nM,IK1,0,0.1
lidocaine,5000,nM,IK1,19.5,0.1
lidocaine,10000,nM,IK1,0,0.1
lidocaine,10000,nM,IK1,0,0.1
lidocaine,10000,nM,IK1,10.3,0.1
lidocaine,625,nM,IKs,0,0.1
lidocaine,625,nM,IKs,0,0.1
lidocaine,625,nM,IKs,0,0.1
lidocaine,2500,nM,IKs,0,0.1
lidocaine,2500,nM,IKs,0,0.1
lidocaine,2500,nM,IKs,0,0.1
lidocaine,5000,nM,IKs,0,0.1
lidocaine,5000,nM,IKs,0,0.1
lidocaine,5000,nM,IKs,0,0.1
lidocaine,10000,nM,IKs,0,0.1
lidocaine,10000,nM,IKs,0,0.1
lidocaine,10000,nM,IKs,0,0.1
lidocaine,625,nM,Ito,NA,0.1
lidocaine,625,nM,Ito,NA,0.1
lidocaine,625,nM,Ito,NA,0.1
lidocaine,2500,nM,Ito,7.4,0.1
lidocaine,2500,nM,Ito,5.9,0.1
lidocaine,2500,nM,Ito,5.6,0.1
lidocaine,5000,nM,Ito,6.6,0.1
lidocaine,5000,nM,Ito,1.1,0.1
lidocaine,5000,nM,Ito,8,0.1
lidocaine,10000,nM,Ito,5.1,0.1
lidocaine,10000,nM,Ito,2.2,0.1
lidocaine,10000,nM,Ito,4.4,0.1
lidocaine,15000,nM,Ito,4.1,0.1
lidocaine,15000,nM,Ito,3.4,0.1
lidocaine,15000,nM,Ito,10.6,0.1
lidocaine,625,nM,INaL,1.7,0.1
lidocaine,625,nM,INaL,4.5,0.1
lidocaine,625,nM,INaL,5.7,0.1
lidocaine,2500,nM,INaL,13.3,0.1
lidocaine,2500,nM,INaL,15,0.1
lidocaine,2500,nM,INaL,9.2,0.1
lidocaine,5000,nM,INaL,29.1,0.1
lidocaine,5000,nM,INaL,32.6,0.1
lidocaine,5000,nM,INaL,20.8,0.1
lidocaine,10000,nM,INaL,40.9,0.1
lidocaine,10000,nM,INaL,49.1,0.1
lidocaine,10000,nM,INaL,52.8,0.1
lidocaine,625,nM,INa,0,0.1
lidocaine,625,nM,INa,0.7,0.1
lidocaine,625,nM,INa,0,0.1
lidocaine,2500,nM,INa,0,0.1
lidocaine,2500,nM,INa,7.3,0.1
lidocaine,2500,nM,INa,0,0.1
lidocaine,5000,nM,INa,4.6,0.1
lidocaine,5000,nM,INa,3.3,0.1
lidocaine,5000,nM,INa,4.9,0.1
lidocaine,10000,nM,INa,32.8,0.1
lidocaine,10000,nM,INa,10.7,0.1
lidocaine,10000,nM,INa,10.9,0.1
lopinavir,700,nM,ICaL,2.4,0.1
lopinavir,700,nM,ICaL,4.9,0.1
lopinavir,700,nM,ICaL,12,0.1
lopinavir,2100,nM,ICaL,11.7,0.1
lopinavir,2100,nM,ICaL,7.6,0.1
lopinavir,2100,nM,ICaL,21.7,0.1
lopinavir,7000,nM,ICaL,40.3,0.1
lopinavir,7000,nM,ICaL,22.5,0.1
lopinavir,7000,nM,ICaL,19.4,0.1
lopinavir,35000,nM,ICaL,56.7,0.1
lopinavir,35000,nM,ICaL,70.9,0.1
lopinavir,35000,nM,ICaL,85.9,0.1
lopinavir,700,nM,IK1,0,0.1
lopinavir,700,nM,IK1,0,0.1
lopinavir,700,nM,IK1,0,0.1
lopinavir,2100,nM,IK1,0,0.1
lopinavir,2100,nM,IK1,0,0.1
lopinavir,2100,nM,IK1,0,0.1
lopinavir,7000,nM,IK1,0,0.1
lopinavir,7000,nM,IK1,0,0.1
lopinavir,7000,nM,IK1,0,0.1
lopinavir,35000,nM,IK1,0,0.1
lopinavir,35000,nM,IK1,0,0.1
lopinavir,35000,nM,IK1,0,0.1
lopinavir,700,nM,IKs,0.2,0.1
lopinavir,700,nM,IKs,1.4,0.1
lopinavir,700,nM,IKs,1.8,0.1
lopinavir,2100,nM,IKs,2,0.1
lopinavir,2100,nM,IKs,3.5,0.1
lopinavir,2100,nM,IKs,3.2,0.1
lopinavir,7000,nM,IKs,4.7,0.1
lopinavir,7000,nM,IKs,3.9,0.1
lopinavir,7000,nM,IKs,6.3,0.1
lopinavir,35000,nM,IKs,4.3,0.1
lopinavir,35000,nM,IKs,4.4,0.1
lopinavir,35000,nM,IKs,6.5,0.1
lopinavir,35000,nM,IKs,9.9,0.1
lopinavir,35000,nM,IKs,3.1,0.1
lopinavir,700,nM,Ito,1.1,0.1
lopinavir,700,nM,Ito,0,0.1
lopinavir,700,nM,Ito,0,0.1
lopinavir,2100,nM,Ito,11.3,0.1
lopinavir,2100,nM,Ito,3.9,0.1
lopinavir,2100,nM,Ito,7.4,0.1
lopinavir,7000,nM,Ito,7.3,0.1
lopinavir,7000,nM,Ito,6.8,0.1
lopinavir,7000,nM,Ito,5.5,0.1
lopinavir,35000,nM,Ito,45.9,0.1
lopinavir,35000,nM,Ito,24.3,0.1
lopinavir,35000,nM,Ito,31.8,0.1
lopinavir,700,nM,INaL,0,0.1
lopinavir,700,nM,INaL,0,0.1
lopinavir,700,nM,INaL,0.2,0.1
lopinavir,2100,nM,INaL,0,0.1
lopinavir,2100,nM,INaL,0,0.1
lopinavir,2100,nM,INaL,0,0.1
lopinavir,7000,nM,INaL,0,0.1
lopinavir,7000,nM,INaL,0,0.1
lopinavir,7000,nM,INaL,0,0.1
lopinavir,35000,nM,INaL,1.5,0.1
lopinavir,35000,nM,INaL,5.1,0.1
lopinavir,35000,nM,INaL,8.4,0.1
lopinavir,700,nM,INa,1.4,0.1
lopinavir,700,nM,INa,0.1,0.1
lopinavir,700,nM,INa,0,0.1
lopinavir,2100,nM,INa,3.1,0.1
lopinavir,2100,nM,INa,0,0.1
lopinavir,2100,nM,INa,0,0.1
lopinavir,7000,nM,INa,4.4,0.1
lopinavir,7000,nM,INa,0,0.1
lopinavir,7000,nM,INa,0.5,0.1
lopinavir,35000,nM,INa,16.8,0.1
lopinavir,35000,nM,INa,19.9,0.1
lopinavir,35000,nM,INa,0,0.1
mexiletine,625,nM,ICaL,0.2,0.1
mexiletine,625,nM,ICaL,0,0.1
mexiletine,625,nM,ICaL,1.1,0.1
mexiletine,2500,nM,ICaL,6.1,0.1
mexiletine,2500,nM,ICaL,0,0.1
mexiletine,2500,nM,ICaL,8.2,0.1
mexiletine,5000,nM,ICaL,14,0.1
mexiletine,5000,nM,ICaL,7.6,0.1
mexiletine,5000,nM,ICaL,15.9,0.1
mexiletine,10000,nM,ICaL,21.5,0.1
mexiletine,10000,nM,ICaL,13.9,0.1
mexiletine,10000,nM,ICaL,23.1,0.1
mexiletine,625,nM,IK1,2.4,0.1
mexiletine,625,nM,IK1,0,0.1
mexiletine,625,nM,IK1,1.3,0.1
mexiletine,2500,nM,IK1,0.4,0.1
mexiletine,2500,nM,IK1,0,0.1
mexiletine,2500,nM,IK1,0.3,0.1
mexiletine,5000,nM,IK1,0.9,0.1
mexiletine,5000,nM,IK1,0,0.1
mexiletine,5000,nM,IK1,5.3,0.1
mexiletine,10000,nM,IK1,0,0.1
mexiletine,10000,nM,IK1,0,0.1
mexiletine,10000,nM,IK1,1.8,0.1
mexiletine,625,nM,IKs,0,0.1
mexiletine,625,nM,IKs,0,0.1
mexiletine,625,nM,IKs,0,0.1
mexiletine,2500,nM,IKs,0,0.1
mexiletine,2500,nM,IKs,0,0.1
mexiletine,2500,nM,IKs,0,0.1
mexiletine,5000,nM,IKs,0,0.1
mexiletine,5000,nM,IKs,0,0.1
mexiletine,5000,nM,IKs,0,0.1
mexiletine,10000,nM,IKs,0,0.1
mexiletine,10000,nM,IKs,0,0.1
mexiletine,10000,nM,IKs,0,0.1
mexiletine,625,nM,Ito,3.1,0.1
mexiletine,625,nM,Ito,2.4,0.1
mexiletine,625,nM,Ito,0,0.1
mexiletine,2500,nM,Ito,2.2,0.1
mexiletine,2500,nM,Ito,2.4,0.1
mexiletine,2500,nM,Ito,0.02,0.1
mexiletine,5000,nM,Ito,2.8,0.1
mexiletine,5000,nM,Ito,2.9,0.1
mexiletine,5000,nM,Ito,1,0.1
mexiletine,10000,nM,Ito,2.2,0.1
mexiletine,10000,nM,Ito,0.8,0.1
mexiletine,10000,nM,Ito,1,0.1
mexiletine,10000,nM,Ito,0,0.1
mexiletine,625,nM,INaL,1.7,0.1
mexiletine,625,nM,INaL,4.2,0.1
mexiletine,625,nM,INaL,1.6,0.1
mexiletine,2500,nM,INaL,13.6,0.1
mexiletine,2500,nM,INaL,6.4,0.1
mexiletine,2500,nM,INaL,10.4,0.1
mexiletine,5000,nM,INaL,36.9,0.1
mexiletine,5000,nM,INaL,26.8,0.1
mexiletine,5000,nM,INaL,41.7,0.1
mexiletine,10000,nM,INaL,54.9,0.1
mexiletine,10000,nM,INaL,41.7,0.1
mexiletine,10000,nM,INaL,59.2,0.1
mexiletine,625,nM,INa,0,0.1
mexiletine,625,nM,INa,0,0.1
mexiletine,625,nM,INa,3.4,0.1
mexiletine,2500,nM,INa,0,0.1
mexiletine,2500,nM,INa,0,0.1
mexiletine,2500,nM,INa,2.4,0.1
mexiletine,5000,nM,INa,0,0.1
mexiletine,5000,nM,INa,0,0.1
mexiletine,5000,nM,INa,0,0.1
mexiletine,10000,nM,INa,1,0.1
mexiletine,10000,nM,INa,4.4,0.1
mexiletine,10000,nM,INa,13,0.1
mibefradil,12,nM,ICaL,0.7,0.1
mibefradil,12,nM,ICaL,3.6,0.1
mibefradil,12,nM,ICaL,0,0.1
mibefradil,120,nM,ICaL,11.7,0.1
mibefradil,120,nM,ICaL,13.9,0.1
mibefradil,120,nM,ICaL,9.2,0.1
mibefradil,1200,nM,ICaL,54.1,0.1
mibefradil,1200,nM,ICaL,82.4,0.1
mibefradil,1200,nM,ICaL,67.7,0.1
mibefradil,12000,nM,ICaL,86.7,0.1
mibefradil,12000,nM,ICaL,98.4,0.1
mibefradil,12000,nM,ICaL,85.9,0.1
mibefradil,12,nM,IK1,0,0.1
mibefradil,12,nM,IK1,0,0.1
mibefradil,12,nM,IK1,0,0.1
mibefradil,120,nM,IK1,0,0.1
mibefradil,120,nM,IK1,0,0.1
mibefradil,120,nM,IK1,0,0.1
mibefradil,1200,nM,IK1,6.5,0.1
mibefradil,1200,nM,IK1,8.3,0.1
mibefradil,1200,nM,IK1,7.2,0.1
mibefradil,12000,nM,IK1,22.3,0.1
mibefradil,12000,nM,IK1,25.1,0.1
mibefradil,12000,nM,IK1,31.2,0.1
mibefradil,12,nM,IKs,0,0.1
mibefradil,12,nM,IKs,5.4,0.1
mibefradil,12,nM,IKs,0,0.1
mibefradil,120,nM,IKs,0,0.1
mibefradil,120,nM,IKs,4.1,0.1
mibefradil,120,nM,IKs,3,0.1
mibefradil,1200,nM,IKs,0,0.1
mibefradil,1200,nM,IKs,4.9,0.1
mibefradil,1200,nM,IKs,0.8,0.1
mibefradil,12000,nM,IKs,3.6,0.1
mibefradil,12000,nM,IKs,8.9,0.1
mibefradil,12000,nM,IKs,3.6,0.1
mibefradil,12000,nM,IKs,2.2,0.1
mibefradil,12000,nM,IKs,7.1,0.1
mibefradil,12,nM,Ito,0,0.1
mibefradil,12,nM,Ito,0,0.1
mibefradil,12,nM,Ito,0,0.1
mibefradil,120,nM,Ito,0,0.1
mibefradil,120,nM,Ito,1.4,0.1
mibefradil,120,nM,Ito,1.9,0.1
mibefradil,1200,nM,Ito,1.5,0.1
mibefradil,1200,nM,Ito,0,0.1
mibefradil,1200,nM,Ito,3,0.1
mibefradil,12000,nM,Ito,4,0.1
mibefradil,12000,nM,Ito,1.3,0.1
mibefradil,12000,nM,Ito,6.5,0.1
mibefradil,12000,nM,Ito,5.2,0.1
mibefradil,12000,nM,Ito,10.4,0.1
mibefradil,12,nM,INaL,1.7,0.1
mibefradil,12,nM,INaL,0,0.1
mibefradil,12,nM,INaL,0.2,0.1
mibefradil,120,nM,INaL,9.1,0.1
mibefradil,120,nM,INaL,0,0.1
mibefradil,120,nM,INaL,0.4,0.1
mibefradil,1200,nM,INaL,28.8,0.1
mibefradil,1200,nM,INaL,12.1,0.1
mibefradil,1200,nM,INaL,19,0.1
mibefradil,12000,nM,INaL,79.7,0.1
mibefradil,12000,nM,INaL,87.3,0.1
mibefradil,12000,nM,INaL,77.9,0.1
mibefradil,12,nM,INa,0,0.1
mibefradil,12,nM,INa,0.6,0.1
mibefradil,12,nM,INa,0,0.1
mibefradil,120,nM,INa,0,0.1
mibefradil,120,nM,INa,3.2,0.1
mibefradil,120,nM,INa,0,0.1
mibefradil,1200,nM,INa,12.6,0.1
mibefradil,1200,nM,INa,16.8,0.1
mibefradil,1200,nM,INa,26.6,0.1
mibefradil,12000,nM,INa,52.6,0.1
mibefradil,12000,nM,INa,73.6,0.1
mibefradil,12000,nM,INa,72.3,0.1
moxifloxacin,7000,nM,ICaL,0,0.1
moxifloxacin,7000,nM,ICaL,0,0.1
moxifloxacin,7000,nM,ICaL,0,0.1
moxifloxacin,21000,nM,ICaL,0,0.1
moxifloxacin,21000,nM,ICaL,0,0.1
moxifloxacin,21000,nM,ICaL,0,0.1
moxifloxacin,70000,nM,ICaL,0,0.1
moxifloxacin,70000,nM,ICaL,0,0.1
moxifloxacin,70000,nM,ICaL,0,0.1
moxifloxacin,350000,nM,ICaL,2.9,0.1
moxifloxacin,350000,nM,ICaL,0,0.1
moxifloxacin,350000,nM,ICaL,14.2,0.1
moxifloxacin,7000,nM,IK1,11,0.1
moxifloxacin,7000,nM,IK1,0,0.1
moxifloxacin,7000,nM,IK1,0,0.1
moxifloxacin,21000,nM,IK1,12.1,0.1
moxifloxacin,21000,nM,IK1,0,0.1
moxifloxacin,21000,nM,IK1,0,0.1
moxifloxacin,70000,nM,IK1,0,0.1
moxifloxacin,70000,nM,IK1,0,0.1
moxifloxacin,70000,nM,IK1,0,0.1
moxifloxacin,70000,nM,IK1,0,0.1
moxifloxacin,350000,nM,IK1,9.9,0.1
moxifloxacin,350000,nM,IK1,0,0.1
moxifloxacin,350000,nM,IK1,0,0.1
moxifloxacin,7000,nM,IKs,0,0.1
moxifloxacin,7000,nM,IKs,7.9,0.1
moxifloxacin,7000,nM,IKs,0.7,0.1
moxifloxacin,7000,nM,IKs,3.9,0.1
moxifloxacin,7000,nM,IKs,15.5,0.1
moxifloxacin,21000,nM,IKs,35.8,0.1
moxifloxacin,21000,nM,IKs,34.1,0.1
moxifloxacin,21000,nM,IKs,22.7,0.1
moxifloxacin,21000,nM,IKs,39.6,0.1
moxifloxacin,21000,nM,IKs,34.8,0.1
moxifloxacin,70000,nM,IKs,49.7,0.1
moxifloxacin,70000,nM,IKs,78.3,0.1
moxifloxacin,70000,nM,IKs,35,0.1
moxifloxacin,70000,nM,IKs,83.4,0.1
moxifloxacin,70000,nM,IKs,54.8,0.1
moxifloxacin,350000,nM,IKs,73.1,0.1
moxifloxacin,350000,nM,IKs,97.2,0.1
moxifloxacin,350000,nM,IKs,65.1,0.1
moxifloxacin,350000,nM,IKs,100,0.1
moxifloxacin,350000,nM,IKs,76.4,0.1
moxifloxacin,7000,nM,Ito,0.2,0.1
moxifloxacin,7000,nM,Ito,0,0.1
moxifloxacin,7000,nM,Ito,0,0.1
moxifloxacin,21000,nM,Ito,0.04,0.1
moxifloxacin,21000,nM,Ito,1.9,0.1
moxifloxacin,21000,nM,Ito,4.6,0.1
moxifloxacin,70000,nM,Ito,0,0.1
moxifloxacin,70000,nM,Ito,0,0.1
moxifloxacin,70000,nM,Ito,0,0.1
moxifloxacin,350000,nM,Ito,2,0.1
moxifloxacin,350000,nM,Ito,4.3,0.1
moxifloxacin,350000,nM,Ito,16.7,0.1
moxifloxacin,7000,nM,INaL,1.9,0.1
moxifloxacin,7000,nM,INaL,2,0.1
moxifloxacin,7000,nM,INaL,1.7,0.1
moxifloxacin,21000,nM,INaL,8.1,0.1
moxifloxacin,21000,nM,INaL,0,0.1
moxifloxacin,21000,nM,INaL,2.8,0.1
moxifloxacin,70000,nM,INaL,15.9,0.1
moxifloxacin,70000,nM,INaL,9,0.1
moxifloxacin,70000,nM,INaL,13.9,0.1
moxifloxacin,350000,nM,INaL,54.3,0.1
moxifloxacin,350000,nM,INaL,49.3,0.1
moxifloxacin,350000,nM,INaL,39.1,0.1
moxifloxacin,7000,nM,INa,2.4,0.1
moxifloxacin,7000,nM,INa,0,0.1
moxifloxacin,7000,nM,INa,0,0.1
moxifloxacin,21000,nM,INa,3.5,0.1
moxifloxacin,21000,nM,INa,0,0.1
moxifloxacin,21000,nM,INa,0,0.1
moxifloxacin,70000,nM,INa,4.6,0.1
moxifloxacin,70000,nM,INa,0,0.1
moxifloxacin,70000,nM,INa,0,0.1
moxifloxacin,350000,nM,INa,28.2,0.1
moxifloxacin,350000,nM,INa,35.1,0.1
moxifloxacin,350000,nM,INa,19.1,0.1
moxifloxacin.m2,7000,nM,ICaL,NA,0.1
moxifloxacin.m2,7000,nM,ICaL,NA,0.1
moxifloxacin.m2,7000,nM,ICaL,NA,0.1
moxifloxacin.m2,21000,nM,ICaL,NA,0.1
moxifloxacin.m2,21000,nM,ICaL,NA,0.1
moxifloxacin.m2,21000,nM,ICaL,NA,0.1
moxifloxacin.m2,7000,nM,IKs,NA,0.1
moxifloxacin.m2,7000,nM,IKs,NA,0.1
moxifloxacin.m2,7000,nM,IKs,NA,0.1
moxifloxacin.m2,21000,nM,IKs,NA,0.1
moxifloxacin.m2,21000,nM,IKs,NA,0.1
moxifloxacin.m2,21000,nM,IKs,NA,0.1
nilotinib,60,nM,ICaL,0,0.1
nilotinib,60,nM,ICaL,0.8,0.1
nilotinib,60,nM,ICaL,1.4,0.1
nilotinib,300,nM,ICaL,1.7,0.1
nilotinib,300,nM,ICaL,1.8,0.1
nilotinib,300,nM,ICaL,2.6,0.1
nilotinib,1800,nM,ICaL,2.2,0.1
nilotinib,1800,nM,ICaL,1.4,0.1
nilotinib,1800,nM,ICaL,2.4,0.1
nilotinib,6000,nM,ICaL,16.7,0.1
nilotinib,6000,nM,ICaL,8.8,0.1
nilotinib,6000,nM,ICaL,5.9,0.1
nilotinib,60,nM,IK1,0,0.1
nilotinib,60,nM,IK1,0,0.1
nilotinib,60,nM,IK1,0,0.1
nilotinib,300,nM,IK1,0,0.1
nilotinib,300,nM,IK1,0,0.1
nilotinib,300,nM,IK1,0,0.1
nilotinib,1800,nM,IK1,0,0.1
nilotinib,1800,nM,IK1,0,0.1
nilotinib,1800,nM,IK1,0,0.1
nilotinib,6000,nM,IK1,1.3,0.1
nilotinib,6000,nM,IK1,0,0.1
nilotinib,6000,nM,IK1,0,0.1
nilotinib,60,nM,IKs,1.1,0.1
nilotinib,60,nM,IKs,2,0.1
nilotinib,60,nM,IKs,1.4,0.1
nilotinib,300,nM,IKs,5.4,0.1
nilotinib,300,nM,IKs,0.7,0.1
nilotinib,300,nM,IKs,0.8,0.1
nilotinib,1800,nM,IKs,0,0.1
nilotinib,1800,nM,IKs,1.2,0.1
nilotinib,1800,nM,IKs,2.9,0.1
nilotinib,6000,nM,IKs,15.5,0.1
nilotinib,6000,nM,IKs,9,0.1
nilotinib,6000,nM,IKs,3.3,0.1
nilotinib,60,nM,Ito,0.7,0.1
nilotinib,60,nM,Ito,0,0.1
nilotinib,60,nM,Ito,0,0.1
nilotinib,300,nM,Ito,0.3,0.1
nilotinib,300,nM,Ito,0,0.1
nilotinib,300,nM,Ito,0,0.1
nilotinib,1800,nM,Ito,1.4,0.1
nilotinib,1800,nM,Ito,2.8,0.1
nilotinib,1800,nM,Ito,0.4,0.1
nilotinib,6000,nM,Ito,7.6,0.1
nilotinib,6000,nM,Ito,12,0.1
nilotinib,6000,nM,Ito,7.2,0.1
nilotinib,6000,nM,Ito,1.5,0.1
nilotinib,60,nM,INaL,0,0.1
nilotinib,60,nM,INaL,0.8,0.1
nilotinib,60,nM,INaL,3.4,0.1
nilotinib,300,nM,INaL,1.2,0.1
nilotinib,300,nM,INaL,6.7,0.1
nilotinib,300,nM,INaL,3.3,0.1
nilotinib,1800,nM,INaL,9.8,0.1
nilotinib,1800,nM,INaL,16.2,0.1
nilotinib,1800,nM,INaL,14.8,0.1
nilotinib,6000,nM,INaL,61.1,0.1
nilotinib,6000,nM,INaL,48.7,0.1
nilotinib,6000,nM,INaL,74.4,0.1
nilotinib,60,nM,INa,0,0.1
nilotinib,60,nM,INa,0,0.1
nilotinib,60,nM,INa,0,0.1
nilotinib,300,nM,INa,2.4,0.1
nilotinib,300,nM,INa,0,0.1
nilotinib,300,nM,INa,0.7,0.1
nilotinib,1800,nM,INa,3.5,0.1
nilotinib,1800,nM,INa,0,0.1
nilotinib,1800,nM,INa,0,0.1
nilotinib,6000,nM,INa,13.3,0.1
nilotinib,6000,nM,INa,6,0.1
nilotinib,6000,nM,INa,2.2,0.1
ondansetron,200,nM,ICaL,0.3,0.1
ondansetron,200,nM,ICaL,5.8,0.1
ondansetron,200,nM,ICaL,6.5,0.1
ondansetron,200,nM,ICaL,1.3,0.1
ondansetron,1000,nM,ICaL,1,0.1
ondansetron,1000,nM,ICaL,7.7,0.1
ondansetron,1000,nM,ICaL,11.4,0.1
ondansetron,4000,nM,ICaL,27.9,0.1
ondansetron,4000,nM,ICaL,13.9,0.1
ondansetron,4000,nM,ICaL,26.5,0.1
ondansetron,20000,nM,ICaL,35.1,0.1
ondansetron,20000,nM,ICaL,50.7,0.1
ondansetron,20000,nM,ICaL,56.3,0.1
ondansetron,200,nM,IK1,0,0.1
ondansetron,200,nM,IK1,0,0.1
ondansetron,200,nM,IK1,0,0.1
ondansetron,1000,nM,IK1,0,0.1
ondansetron,1000,nM,IK1,0,0.1
ondansetron,1000,nM,IK1,0,0.1
ondansetron,4000,nM,IK1,0,0.1
ondansetron,4000,nM,IK1,0,0.1
ondansetron,4000,nM,IK1,0,0.1
ondansetron,20000,nM,IK1,0.9,0.1
ondansetron,20000,nM,IK1,5.6,0.1
ondansetron,20000,nM,IK1,2.4,0.1
ondansetron,20000,nM,IK1,NA,0.1
ondansetron,200,nM,IKs,0,0.1
ondansetron,200,nM,IKs,0,0.1
ondansetron,200,nM,IKs,0,0.1
ondansetron,1000,nM,IKs,0,0.1
ondansetron,1000,nM,IKs,0,0.1
ondansetron,1000,nM,IKs,3,0.1
ondansetron,4000,nM,IKs,4.8,0.1
ondansetron,4000,nM,IKs,0.03,0.1
ondansetron,4000,nM,IKs,8.5,0.1
ondansetron,20000,nM,IKs,10.8,0.1
ondansetron,20000,nM,IKs,9.3,0.1
ondansetron,20000,nM,IKs,9.7,0.1
ondansetron,200,nM,Ito,0,0.1
ondansetron,200,nM,Ito,0,0.1
ondansetron,200,nM,Ito,0,0.1
ondansetron,1000,nM,Ito,0,0.1
ondansetron,1000,nM,Ito,0,0.1
ondansetron,1000,nM,Ito,0,0.1
ondansetron,4000,nM,Ito,0,0.1
ondansetron,4000,nM,Ito,0,0.1
ondansetron,4000,nM,Ito,1.4,0.1
ondansetron,20000,nM,Ito,0.08,0.1
ondansetron,20000,nM,Ito,0,0.1
ondansetron,20000,nM,Ito,7.9,0.1
ondansetron,20000,nM,Ito,0,0.1
ondansetron,200,nM,INaL,1.8,0.1
ondansetron,200,nM,INaL,0.7,0.1
ondansetron,200,nM,INaL,0.3,0.1
ondansetron,1000,nM,INaL,6,0.1
ondansetron,1000,nM,INaL,2.4,0.1
ondansetron,1000,nM,INaL,16.2,0.1
ondansetron,4000,nM,INaL,13.5,0.1
ondansetron,4000,nM,INaL,12.8,0.1
ondansetron,4000,nM,INaL,16.7,0.1
ondansetron,20000,nM,INaL,58.2,0.1
ondansetron,20000,nM,INaL,52.3,0.1
ondansetron,20000,nM,INaL,44.4,0.1
ondansetron,200,nM,INa,0,0.1
ondansetron,200,nM,INa,1.9,0.1
ondansetron,200,nM,INa,0,0.1
ondansetron,1000,nM,INa,5.5,0.1
ondansetron,1000,nM,INa,3,0.1
ondansetron,1000,nM,INa,1.2,0.1
ondansetron,4000,nM,INa,9.4,0.1
ondansetron,4000,nM,INa,2.9,0.1
ondansetron,4000,nM,INa,3.6,0.1
ondansetron,20000,nM,INa,37.5,0.1
ondansetron,20000,nM,INa,45.2,0.1
ondansetron,20000,nM,INa,9.8,0.1
ondansetron,20000,nM,INa,9.3,0.1
propafenone,130,nM,ICaL,7.2,0.1
propafenone,130,nM,ICaL,8,0.1
propafenone,130,nM,ICaL,8.2,0.1
propafenone,390,nM,ICaL,26,0.1
propafenone,390,nM,ICaL,16.8,0.1
propafenone,390,nM,ICaL,20.5,0.1
propafenone,1300,nM,ICaL,42.9,0.1
propafenone,1300,nM,ICaL,49.1,0.1
propafenone,1300,nM,ICaL,58.2,0.1
propafenone,6500,nM,ICaL,68.4,0.1
propafenone,6500,nM,ICaL,77.6,0.1
propafenone,6500,nM,ICaL,79.5,0.1
propafenone,130,nM,IK1,0,0.1
propafenone,130,nM,IK1,0,0.1
propafenone,130,nM,IK1,0,0.1
propafenone,390,nM,IK1,0,0.1
propafenone,390,nM,IK1,0,0.1
propafenone,390,nM,IK1,0,0.1
propafenone,1300,nM,IK1,0,0.1
propafenone,1300,nM,IK1,0,0.1
propafenone,1300,nM,IK1,0,0.1
propafenone,6500,nM,IK1,5.3,0.1
propafenone,6500,nM,IK1,3.8,0.1
propafenone,6500,nM,IK1,1.1,0.1
propafenone,130,nM,IKs,0.1,0.1
propafenone,130,nM,IKs,1,0.1
propafenone,130,nM,IKs,0.5,0.1
propafenone,390,nM,IKs,0,0.1
propafenone,390,nM,IKs,2,0.1
propafenone,390,nM,IKs,3,0.1
propafenone,1300,nM,IKs,0.3,0.1
propafenone,1300,nM,IKs,3.2,0.1
propafenone,1300,nM,IKs,7.2,0.1
propafenone,6500,nM,IKs,19.9,0.1
propafenone,6500,nM,IKs,18.4,0.1
propafenone,6500,nM,IKs,34.3,0.1
propafenone,130,nM,Ito,0,0.1
propafenone,130,nM,Ito,0.6,0.1
propafenone,130,nM,Ito,1.3,0.1
propafenone,390,nM,Ito,0,0.1
propafenone,390,nM,Ito,0,0.1
propafenone,390,nM,Ito,1.2,0.1
propafenone,1300,nM,Ito,5,0.1
propafenone,1300,nM,Ito,15.1,0.1
propafenone,1300,nM,Ito,8.9,0.1
propafenone,6500,nM,Ito,18.8,0.1
propafenone,6500,nM,Ito,28.3,0.1
propafenone,6500,nM,Ito,15.7,0.1
propafenone,130,nM,INaL,4.4,0.1
propafenone,130,nM,INaL,0.6,0.1
propafenone,130,nM,INaL,0,0.1
propafenone,390,nM,INaL,12.1,0.1
propafenone,390,nM,INaL,3.2,0.1
propafenone,390,nM,INaL,6.4,0.1
propafenone,1300,nM,INaL,34.2,0.1
propafenone,1300,nM,INaL,27.4,0.1
propafenone,1300,nM,INaL,36.9,0.1
propafenone,6500,nM,INaL,57.5,0.1
propafenone,6500,nM,INaL,42.9,0.1
propafenone,6500,nM,INaL,55.5,0.1
propafenone,6500,nM,INaL,78.3,0.1
propafenone,130,nM,INa,0,0.1
propafenone,130,nM,INa,1.4,0.1
propafenone,130,nM,INa,0.6,0.1
propafenone,390,nM,INa,2.5,0.1
propafenone,390,nM,INa,15.1,0.1
propafenone,390,nM,INa,5.1,0.1
propafenone,1300,nM,INa,21.2,0.1
propafenone,1300,nM,INa,38.8,0.1
propafenone,1300,nM,INa,32.4,0.1
propafenone,6500,nM,INa,59.6,0.1
propafenone,6500,nM,INa,67.7,0.1
propafenone,6500,nM,INa,52.7,0.1
quinidine,300,nM,ICaL,3.2,0.1
quinidine,300,nM,ICaL,3.4,0.1
quinidine,300,nM,ICaL,0.09,0.1
quinidine,900,nM,ICaL,9.4,0.1
quinidine,900,nM,ICaL,10.6,0.1
quinidine,900,nM,ICaL,10.3,0.1
quinidine,2700,nM,ICaL,15.1,0.1
quinidine,2700,nM,ICaL,15.8,0.1
quinidine,2700,nM,ICaL,16.3,0.1
quinidine,5400,nM,ICaL,23.2,0.1
quinidine,5400,nM,ICaL,18.2,0.1
quinidine,5400,nM,ICaL,19.1,0.1
quinidine,300,nM,IK1,0,0.1
quinidine,300,nM,IK1,0,0.1
quinidine,300,nM,IK1,5.2,0.1
quinidine,900,nM,IK1,0,0.1
quinidine,900,nM,IK1,11,0.1
quinidine,900,nM,IK1,0,0.1
quinidine,2700,nM,IK1,0,0.1
quinidine,2700,nM,IK1,0,0.1
quinidine,2700,nM,IK1,3,0.1
quinidine,5400,nM,IK1,0.4,0.1
quinidine,5400,nM,IK1,3.9,0.1
quinidine,5400,nM,IK1,12.5,0.1
quinidine,300,nM,IKs,0,0.1
quinidine,300,nM,IKs,0,0.1
quinidine,300,nM,IKs,6.2,0.1
quinidine,900,nM,IKs,13.1,0.1
quinidine,900,nM,IKs,11,0.1
quinidine,900,nM,IKs,15.7,0.1
quinidine,2700,nM,IKs,25.1,0.1
quinidine,2700,nM,IKs,33.8,0.1
quinidine,2700,nM,IKs,20.8,0.1
quinidine,5400,nM,IKs,48.9,0.1
quinidine,5400,nM,IKs,49.2,0.1
quinidine,5400,nM,IKs,68.4,0.1
quinidine,300,nM,Ito,9.7,0.1
quinidine,300,nM,Ito,4.7,0.1
quinidine,300,nM,Ito,3.3,0.1
quinidine,900,nM,Ito,12.4,0.1
quinidine,900,nM,Ito,13.6,0.1
quinidine,900,nM,Ito,17.6,0.1
quinidine,2700,nM,Ito,31.7,0.1
quinidine,2700,nM,Ito,50,0.1
quinidine,2700,nM,Ito,42.1,0.1
quinidine,5400,nM,Ito,63.1,0.1
quinidine,5400,nM,Ito,69.3,0.1
quinidine,5400,nM,Ito,60.3,0.1
quinidine,300,nM,INaL,1.3,0.1
quinidine,300,nM,INaL,5.6,0.1
quinidine,300,nM,INaL,3.6,0.1
quinidine,900,nM,INaL,0,0.1
quinidine,900,nM,INaL,1.6,0.1
quinidine,900,nM,INaL,3.1,0.1
quinidine,2700,nM,INaL,13.7,0.1
quinidine,2700,nM,INaL,19.7,0.1
quinidine,2700,nM,INaL,17.8,0.1
quinidine,5400,nM,INaL,27.7,0.1
quinidine,5400,nM,INaL,34.3,0.1
quinidine,5400,nM,INaL,33.5,0.1
quinidine,300,nM,INa,0.3,0.1
quinidine,300,nM,INa,0,0.1
quinidine,300,nM,INa,0,0.1
quinidine,900,nM,INa,0,0.1
quinidine,900,nM,INa,0.3,0.1
quinidine,900,nM,INa,2,0.1
quinidine,2700,nM,INa,4.2,0.1
quinidine,2700,nM,INa,11.2,0.1
quinidine,2700,nM,INa,15,0.1
quinidine,5400,nM,INa,26.5,0.1
quinidine,5400,nM,INa,16.4,0.1
quinidine,5400,nM,INa,24.1,0.1
quinine,4000,nM,ICaL,18.1,0.1
quinine,4000,nM,ICaL,15.8,0.1
quinine,4000,nM,ICaL,12.7,0.1
quinine,12000,nM,ICaL,30.7,0.1
quinine,12000,nM,ICaL,37,0.1
quinine,12000,nM,ICaL,18.2,0.1
quinine,40000,nM,ICaL,63.4,0.1
quinine,40000,nM,ICaL,61.4,0.1
quinine,40000,nM,ICaL,52.1,0.1
quinine,2e+05,nM,ICaL,94.1,0.1
quinine,2e+05,nM,ICaL,87.6,0.1
quinine,2e+05,nM,ICaL,89.4,0.1
quinine,4000,nM,IK1,0,0.1
quinine,4000,nM,IK1,0,0.1
quinine,4000,nM,IK1,0,0.1
quinine,12000,nM,IK1,0,0.1
quinine,12000,nM,IK1,0,0.1
quinine,12000,nM,IK1,0,0.1
quinine,40000,nM,IK1,0,0.1
quinine,40000,nM,IK1,1.3,0.1
quinine,40000,nM,IK1,0,0.1
quinine,2e+05,nM,IK1,6.8,0.1
quinine,2e+05,nM,IK1,4.2,0.1
quinine,2e+05,nM,IK1,0,0.1
quinine,4000,nM,IKs,6.5,0.1
quinine,4000,nM,IKs,5.7,0.1
quinine,4000,nM,IKs,21.3,0.1
quinine,12000,nM,IKs,22.8,0.1
quinine,12000,nM,IKs,15.3,0.1
quinine,12000,nM,IKs,21.6,0.1
quinine,40000,nM,IKs,39.4,0.1
quinine,40000,nM,IKs,69.1,0.1
quinine,40000,nM,IKs,51.5,0.1
quinine,2e+05,nM,IKs,78.7,0.1
quinine,2e+05,nM,IKs,75.5,0.1
quinine,2e+05,nM,IKs,96.6,0.1
quinine,2e+05,nM,IKs,89.9,0.1
quinine,4000,nM,Ito,8.1,0.1
quinine,4000,nM,Ito,5.6,0.1
quinine,4000,nM,Ito,3.6,0.1
quinine,12000,nM,Ito,19.3,0.1
quinine,12000,nM,Ito,12.7,0.1
quinine,12000,nM,Ito,13.1,0.1
quinine,40000,nM,Ito,23.8,0.1
quinine,40000,nM,Ito,37.1,0.1
quinine,40000,nM,Ito,31,0.1
quinine,40000,nM,Ito,41.4,0.1
quinine,2e+05,nM,Ito,66.7,0.1
quinine,2e+05,nM,Ito,67.8,0.1
quinine,2e+05,nM,Ito,66.2,0.1
quinine,2e+05,nM,Ito,78.5,0.1
quinine,2e+05,nM,Ito,76.7,0.1
quinine,4000,nM,INaL,44.9,0.1
quinine,4000,nM,INaL,44.8,0.1
quinine,4000,nM,INaL,54.6,0.1
quinine,12000,nM,INaL,46.8,0.1
quinine,12000,nM,INaL,52.7,0.1
quinine,12000,nM,INaL,30,0.1
quinine,40000,nM,INaL,30.3,0.1
quinine,40000,nM,INaL,59.6,0.1
quinine,40000,nM,INaL,79.6,0.1
quinine,2e+05,nM,INaL,81.6,0.1
quinine,2e+05,nM,INaL,79.8,0.1
quinine,2e+05,nM,INaL,87.6,0.1
quinine,2e+05,nM,INaL,79.7,0.1
quinine,4000,nM,INa,26.8,0.1
quinine,4000,nM,INa,6.7,0.1
quinine,4000,nM,INa,12.4,0.1
quinine,12000,nM,INa,36.6,0.1
quinine,12000,nM,INa,13.6,0.1
quinine,12000,nM,INa,34.4,0.1
quinine,40000,nM,INa,62,0.1
quinine,40000,nM,INa,60.7,0.1
quinine,40000,nM,INa,73.2,0.1
quinine,2e+05,nM,INa,88.6,0.1
quinine,2e+05,nM,INa,100,0.1
quinine,2e+05,nM,INa,84.4,0.1
ranolazine,575,nM,ICaL,0,0.1
ranolazine,575,nM,ICaL,0,0.1
ranolazine,575,nM,ICaL,0,0.1
ranolazine,2300,nM,ICaL,0,0.1
ranolazine,2300,nM,ICaL,0,0.1
ranolazine,2300,nM,ICaL,0,0.1
ranolazine,6900,nM,ICaL,0,0.1
ranolazine,6900,nM,ICaL,0,0.1
ranolazine,6900,nM,ICaL,0,0.1
ranolazine,23000,nM,ICaL,6.8,0.1
ranolazine,23000,nM,ICaL,0.6,0.1
ranolazine,23000,nM,ICaL,0,0.1
ranolazine,575,nM,IK1,0,0.1
ranolazine,575,nM,IK1,0.4,0.1
ranolazine,575,nM,IK1,1.2,0.1
ranolazine,2300,nM,IK1,0,0.1
ranolazine,2300,nM,IK1,3,0.1
ranolazine,2300,nM,IK1,0,0.1
ranolazine,6900,nM,IK1,0,0.1
ranolazine,6900,nM,IK1,6.2,0.1
ranolazine,6900,nM,IK1,0,0.1
ranolazine,23000,nM,IK1,0,0.1
ranolazine,23000,nM,IK1,0.8,0.1
ranolazine,23000,nM,IK1,0,0.1
ranolazine,575,nM,IKs,0.7,0.1
ranolazine,575,nM,IKs,0,0.1
ranolazine,575,nM,IKs,0,0.1
ranolazine,2300,nM,IKs,1,0.1
ranolazine,2300,nM,IKs,0,0.1
ranolazine,2300,nM,IKs,0.8,0.1
ranolazine,6900,nM,IKs,3,0.1
ranolazine,6900,nM,IKs,0,0.1
ranolazine,6900,nM,IKs,0.9,0.1
ranolazine,23000,nM,IKs,2.5,0.1
ranolazine,23000,nM,IKs,0,0.1
ranolazine,23000,nM,IKs,3.8,0.1
ranolazine,575,nM,Ito,NA,0.1
ranolazine,575,nM,Ito,NA,0.1
ranolazine,575,nM,Ito,NA,0.1
ranolazine,2300,nM,Ito,1.2,0.1
ranolazine,2300,nM,Ito,9,0.1
ranolazine,2300,nM,Ito,8,0.1
ranolazine,6900,nM,Ito,15.7,0.1
ranolazine,6900,nM,Ito,5.2,0.1
ranolazine,6900,nM,Ito,6.9,0.1
ranolazine,23000,nM,Ito,9.3,0.1
ranolazine,23000,nM,Ito,11.4,0.1
ranolazine,23000,nM,Ito,13.7,0.1
ranolazine,69000,nM,Ito,25.2,0.1
ranolazine,69000,nM,Ito,28.8,0.1
ranolazine,69000,nM,Ito,25.4,0.1
ranolazine,575,nM,INaL,6,0.1
ranolazine,575,nM,INaL,7.1,0.1
ranolazine,575,nM,INaL,4.5,0.1
ranolazine,2300,nM,INaL,18.8,0.1
ranolazine,2300,nM,INaL,23.9,0.1
ranolazine,2300,nM,INaL,30.1,0.1
ranolazine,6900,nM,INaL,36.5,0.1
ranolazine,6900,nM,INaL,58.4,0.1
ranolazine,6900,nM,INaL,48.7,0.1
ranolazine,23000,nM,INaL,58.9,0.1
ranolazine,23000,nM,INaL,79.7,0.1
ranolazine,23000,nM,INaL,78.3,0.1
ranolazine,575,nM,INa,0,0.1
ranolazine,575,nM,INa,0,0.1
ranolazine,575,nM,INa,1.2,0.1
ranolazine,2300,nM,INa,0,0.1
ranolazine,2300,nM,INa,0,0.1
ranolazine,2300,nM,INa,2.9,0.1
ranolazine,6900,nM,INa,0,0.1
ranolazine,6900,nM,INa,4.4,0.1
ranolazine,6900,nM,INa,6.2,0.1
ranolazine,23000,nM,INa,13.2,0.1
ranolazine,23000,nM,INa,10,0.1
ranolazine,23000,nM,INa,28.9,0.1
ritonavir,400,nM,ICaL,0.6,0.1
ritonavir,400,nM,ICaL,0,0.1
ritonavir,400,nM,ICaL,2.4,0.1
ritonavir,1200,nM,ICaL,14.2,0.1
ritonavir,1200,nM,ICaL,9.6,0.1
ritonavir,1200,nM,ICaL,12.9,0.1
ritonavir,4000,nM,ICaL,25.1,0.1
ritonavir,4000,nM,ICaL,21.4,0.1
ritonavir,4000,nM,ICaL,32.8,0.1
ritonavir,20000,nM,ICaL,69.9,0.1
ritonavir,20000,nM,ICaL,76.3,0.1
ritonavir,20000,nM,ICaL,83,0.1
ritonavir,400,nM,IK1,9.9,0.1
ritonavir,400,nM,IK1,0,0.1
ritonavir,400,nM,IK1,1.5,0.1
ritonavir,1200,nM,IK1,0,0.1
ritonavir,1200,nM,IK1,27.3,0.1
ritonavir,1200,nM,IK1,0,0.1
ritonavir,4000,nM,IK1,0,0.1
ritonavir,4000,nM,IK1,13,0.1
ritonavir,4000,nM,IK1,0,0.1
ritonavir,20000,nM,IK1,0,0.1
ritonavir,20000,nM,IK1,0,0.1
ritonavir,20000,nM,IK1,0,0.1
ritonavir,400,nM,IKs,6.1,0.1
ritonavir,400,nM,IKs,0,0.1
ritonavir,400,nM,IKs,0,0.1
ritonavir,400,nM,IKs,6.7,0.1
ritonavir,400,nM,IKs,0,0.1
ritonavir,1200,nM,IKs,10,0.1
ritonavir,1200,nM,IKs,1.2,0.1
ritonavir,1200,nM,IKs,0,0.1
ritonavir,1200,nM,IKs,0,0.1
ritonavir,4000,nM,IKs,18.7,0.1
ritonavir,4000,nM,IKs,0,0.1
ritonavir,4000,nM,IKs,0,0.1
ritonavir,20000,nM,IKs,24.5,0.1
ritonavir,20000,nM,IKs,24.1,0.1
ritonavir,20000,nM,IKs,5.8,0.1
ritonavir,400,nM,Ito,0,0.1
ritonavir,400,nM,Ito,3.2,0.1
ritonavir,400,nM,Ito,0.8,0.1
ritonavir,1200,nM,Ito,15,0.1
ritonavir,1200,nM,Ito,8.1,0.1
ritonavir,1200,nM,Ito,6.6,0.1
ritonavir,4000,nM,Ito,1.1,0.1
ritonavir,4000,nM,Ito,13.9,0.1
ritonavir,4000,nM,Ito,7.2,0.1
ritonavir,20000,nM,Ito,20.2,0.1
ritonavir,20000,nM,Ito,19.7,0.1
ritonavir,20000,nM,Ito,17.6,0.1
ritonavir,400,nM,INaL,0,0.1
ritonavir,400,nM,INaL,3.8,0.1
ritonavir,400,nM,INaL,1.5,0.1
ritonavir,1200,nM,INaL,20.7,0.1
ritonavir,1200,nM,INaL,25.6,0.1
ritonavir,1200,nM,INaL,31.1,0.1
ritonavir,4000,nM,INaL,44.9,0.1
ritonavir,4000,nM,INaL,55.5,0.1
ritonavir,4000,nM,INaL,44,0.1
ritonavir,20000,nM,INaL,45.5,0.1
ritonavir,20000,nM,INaL,63.5,0.1
ritonavir,20000,nM,INaL,58.7,0.1
ritonavir,20000,nM,INaL,82.1,0.1
ritonavir,400,nM,INa,2.3,0.1
ritonavir,400,nM,INa,0,0.1
ritonavir,400,nM,INa,0,0.1
ritonavir,1200,nM,INa,16.8,0.1
ritonavir,1200,nM,INa,16.1,0.1
ritonavir,1200,nM,INa,12.9,0.1
ritonavir,4000,nM,INa,24.4,0.1
ritonavir,4000,nM,INa,28.2,0.1
ritonavir,4000,nM,INa,26.2,0.1
ritonavir,4000,nM,INa,31.8,0.1
ritonavir,4000,nM,INa,35.5,0.1
ritonavir,20000,nM,INa,41.4,0.1
ritonavir,20000,nM,INa,30,0.1
ritonavir,20000,nM,INa,47.2,0.1
ritonavir,20000,nM,INa,48.2,0.1
rufinamide,80000,nM,ICaL,24.9,0.1
rufinamide,80000,nM,ICaL,27.3,0.1
rufinamide,80000,nM,ICaL,21.7,0.1
rufinamide,240000,nM,ICaL,51.1,0.1
rufinamide,240000,nM,ICaL,47.1,0.1
rufinamide,240000,nM,ICaL,45,0.1
rufinamide,80000,nM,IK1,0,0.1
rufinamide,80000,nM,IK1,0,0.1
rufinamide,80000,nM,IK1,0,0.1
rufinamide,240000,nM,IK1,0,0.1
rufinamide,240000,nM,IK1,0,0.1
rufinamide,240000,nM,IK1,0,0.1
rufinamide,80000,nM,IKs,0.4,0.1
rufinamide,80000,nM,IKs,0.2,0.1
rufinamide,80000,nM,IKs,1.7,0.1
rufinamide,240000,nM,IKs,1.3,0.1
rufinamide,240000,nM,IKs,0,0.1
rufinamide,240000,nM,IKs,0,0.1
rufinamide,240000,nM,IKs,4.8,0.1
rufinamide,80000,nM,Ito,0,0.1
rufinamide,80000,nM,Ito,0,0.1
rufinamide,80000,nM,Ito,0.2,0.1
rufinamide,240000,nM,Ito,0,0.1
rufinamide,240000,nM,Ito,1.3,0.1
rufinamide,240000,nM,Ito,3.5,0.1
rufinamide,80000,nM,INaL,0,0.1
rufinamide,80000,nM,INaL,8.2,0.1
rufinamide,80000,nM,INaL,0,0.1
rufinamide,240000,nM,INaL,13.2,0.1
rufinamide,240000,nM,INaL,10.2,0.1
rufinamide,240000,nM,INaL,10.4,0.1
rufinamide,80000,nM,INa,0.9,0.1
rufinamide,80000,nM,INa,0,0.1
rufinamide,80000,nM,INa,0,0.1
rufinamide,240000,nM,INa,2,0.1
rufinamide,240000,nM,INa,1.8,0.1
rufinamide,240000,nM,INa,13.4,0.1
saquinavir,400,nM,Ito,0,0.1
saquinavir,400,nM,Ito,2,0.1
saquinavir,400,nM,Ito,0,0.1
saquinavir,1200,nM,Ito,0,0.1
saquinavir,1200,nM,Ito,0.4,0.1
saquinavir,1200,nM,Ito,10.7,0.1
saquinavir,4000,nM,Ito,0,0.1
saquinavir,4000,nM,Ito,0,0.1
saquinavir,4000,nM,Ito,0.07,0.1
saquinavir,20000,nM,Ito,0,0.1
saquinavir,20000,nM,Ito,0,0.1
saquinavir,20000,nM,Ito,8.3,0.1
saquinavir,20000,nM,Ito,0,0.1
saquinavir,20000,nM,Ito,4.2,0.1
saquinavir,400,nM,INaL,0.7,0.1
saquinavir,400,nM,INaL,4.2,0.1
saquinavir,400,nM,INaL,2.3,0.1
saquinavir,1200,nM,INaL,4.3,0.1
saquinavir,1200,nM,INaL,0,0.1
saquinavir,1200,nM,INaL,0,0.1
saquinavir,4000,nM,INaL,44.2,0.1
saquinavir,4000,nM,INaL,36.7,0.1
saquinavir,4000,nM,INaL,39.7,0.1
saquinavir,20000,nM,INaL,78.1,0.1
saquinavir,20000,nM,INaL,64.1,0.1
saquinavir,20000,nM,INaL,79.8,0.1
saquinavir,400,nM,ICaL,6.9,0.1
saquinavir,400,nM,ICaL,0,0.1
saquinavir,400,nM,ICaL,6.7,0.1
saquinavir,1200,nM,ICaL,13.5,0.1
saquinavir,1200,nM,ICaL,14.1,0.1
saquinavir,1200,nM,ICaL,24.9,0.1
saquinavir,4000,nM,ICaL,68.9,0.1
saquinavir,4000,nM,ICaL,50.7,0.1
saquinavir,4000,nM,ICaL,65.4,0.1
saquinavir,20000,nM,ICaL,90.8,0.1
saquinavir,20000,nM,ICaL,87.4,0.1
saquinavir,20000,nM,ICaL,84.2,0.1
saquinavir,400,nM,IK1,0,0.1
saquinavir,400,nM,IK1,0,0.1
saquinavir,400,nM,IK1,0,0.1
saquinavir,1200,nM,IK1,0,0.1
saquinavir,1200,nM,IK1,0,0.1
saquinavir,1200,nM,IK1,0,0.1
saquinavir,4000,nM,IK1,1.6,0.1
saquinavir,4000,nM,IK1,0,0.1
saquinavir,4000,nM,IK1,0.5,0.1
saquinavir,20000,nM,IK1,5.1,0.1
saquinavir,20000,nM,IK1,0,0.1
saquinavir,20000,nM,IK1,4.3,0.1
saquinavir,400,nM,IKs,0,0.1
saquinavir,400,nM,IKs,2.6,0.1
saquinavir,400,nM,IKs,0,0.1
saquinavir,1200,nM,IKs,0,0.1
saquinavir,1200,nM,IKs,2.7,0.1
saquinavir,1200,nM,IKs,0,0.1
saquinavir,4000,nM,IKs,0,0.1
saquinavir,4000,nM,IKs,1.8,0.1
saquinavir,4000,nM,IKs,0,0.1
saquinavir,20000,nM,IKs,12.2,0.1
saquinavir,20000,nM,IKs,22.4,0.1
saquinavir,20000,nM,IKs,11.8,0.1
saquinavir,400,nM,INa,1.1,0.1
saquinavir,400,nM,INa,0,0.1
saquinavir,400,nM,INa,2.6,0.1
saquinavir,1200,nM,INa,2,0.1
saquinavir,1200,nM,INa,1.5,0.1
saquinavir,1200,nM,INa,4.2,0.1
saquinavir,4000,nM,INa,12.1,0.1
saquinavir,4000,nM,INa,26.3,0.1
saquinavir,4000,nM,INa,12,0.1
saquinavir,20000,nM,INa,44.4,0.1
saquinavir,20000,nM,INa,84.1,0.1
saquinavir,20000,nM,INa,43.7,0.1
sertindole,1.5,nM,Ito,0,0.1
sertindole,1.5,nM,Ito,2.1,0.1
sertindole,1.5,nM,Ito,2,0.1
sertindole,4.5,nM,Ito,0,0.1
sertindole,4.5,nM,Ito,0,0.1
sertindole,4.5,nM,Ito,2.9,0.1
sertindole,15,nM,Ito,0,0.1
sertindole,15,nM,Ito,2,0.1
sertindole,15,nM,Ito,1.4,0.1
sertindole,75,nM,Ito,0,0.1
sertindole,75,nM,Ito,3.7,0.1
sertindole,75,nM,Ito,2.1,0.1
sertindole,1.5,nM,INaL,5.4,0.1
sertindole,1.5,nM,INaL,0,0.1
sertindole,1.5,nM,INaL,0,0.1
sertindole,4.5,nM,INaL,0,0.1
sertindole,4.5,nM,INaL,0,0.1
sertindole,4.5,nM,INaL,0,0.1
sertindole,15,nM,INaL,0,0.1
sertindole,15,nM,INaL,0,0.1
sertindole,15,nM,INaL,0,0.1
sertindole,75,nM,INaL,0,0.1
sertindole,75,nM,INaL,0,0.1
sertindole,75,nM,INaL,0,0.1
sertindole,1.5,nM,ICaL,1.3,0.1
sertindole,1.5,nM,ICaL,0.3,0.1
sertindole,1.5,nM,ICaL,0,0.1
sertindole,4.5,nM,ICaL,2,0.1
sertindole,4.5,nM,ICaL,2.5,0.1
sertindole,4.5,nM,ICaL,0,0.1
sertindole,15,nM,ICaL,3.5,0.1
sertindole,15,nM,ICaL,4.4,0.1
sertindole,15,nM,ICaL,4.4,0.1
sertindole,75,nM,ICaL,5.3,0.1
sertindole,75,nM,ICaL,8.2,0.1
sertindole,75,nM,ICaL,6.1,0.1
sertindole,1.5,nM,IK1,0,0.1
sertindole,1.5,nM,IK1,0,0.1
sertindole,1.5,nM,IK1,0.3,0.1
sertindole,4.5,nM,IK1,0,0.1
sertindole,4.5,nM,IK1,0,0.1
sertindole,4.5,nM,IK1,0,0.1
sertindole,15,nM,IK1,0,0.1
sertindole,15,nM,IK1,0,0.1
sertindole,15,nM,IK1,0,0.1
sertindole,75,nM,IK1,0,0.1
sertindole,75,nM,IK1,0,0.1
sertindole,75,nM,IK1,0,0.1
sertindole,1.5,nM,IKs,0,0.1
sertindole,1.5,nM,IKs,0,0.1
sertindole,1.5,nM,IKs,0,0.1
sertindole,4.5,nM,IKs,1.2,0.1
sertindole,4.5,nM,IKs,0,0.1
sertindole,4.5,nM,IKs,0.8,0.1
sertindole,15,nM,IKs,0.3,0.1
sertindole,15,nM,IKs,0,0.1
sertindole,15,nM,IKs,3.3,0.1
sertindole,75,nM,IKs,0.9,0.1
sertindole,75,nM,IKs,0,0.1
sertindole,75,nM,IKs,3.7,0.1
sertindole,1.5,nM,INa,0.4,0.1
sertindole,1.5,nM,INa,0,0.1
sertindole,1.5,nM,INa,0,0.1
sertindole,4.5,nM,INa,0,0.1
sertindole,4.5,nM,INa,0,0.1
sertindole,4.5,nM,INa,0,0.1
sertindole,15,nM,INa,0,0.1
sertindole,15,nM,INa,0,0.1
sertindole,15,nM,INa,0.4,0.1
sertindole,75,nM,INa,1,0.1
sertindole,75,nM,INa,0,0.1
sertindole,75,nM,INa,0,0.1
sotalol,14000,nM,Ito,0.6,0.1
sotalol,14000,nM,Ito,0,0.1
sotalol,14000,nM,Ito,0,0.1
sotalol,140000,nM,Ito,0.3,0.1
sotalol,140000,nM,Ito,0,0.1
sotalol,140000,nM,Ito,0.1,0.1
sotalol,7e+05,nM,Ito,16.1,0.1
sotalol,7e+05,nM,Ito,7.7,0.1
sotalol,7e+05,nM,Ito,0.5,0.1
sotalol,2100000,nM,Ito,15.9,0.1
sotalol,2100000,nM,Ito,8.7,0.1
sotalol,2100000,nM,Ito,11,0.1
sotalol,2100000,nM,Ito,9.9,0.1
sotalol,14000,nM,INaL,0,0.1
sotalol,14000,nM,INaL,0,0.1
sotalol,14000,nM,INaL,3.7,0.1
sotalol,140000,nM,INaL,0,0.1
sotalol,140000,nM,INaL,0,0.1
sotalol,140000,nM,INaL,0,0.1
sotalol,7e+05,nM,INaL,0,0.1
sotalol,7e+05,nM,INaL,0,0.1
sotalol,7e+05,nM,INaL,0,0.1
sotalol,2100000,nM,INaL,11.8,0.1
sotalol,2100000,nM,INaL,8.5,0.1
sotalol,2100000,nM,INaL,12.6,0.1
sotalol,14000,nM,ICaL,3.6,0.1
sotalol,14000,nM,ICaL,0,0.1
sotalol,14000,nM,ICaL,2.4,0.1
sotalol,140000,nM,ICaL,4.8,0.1
sotalol,140000,nM,ICaL,0,0.1
sotalol,140000,nM,ICaL,4.1,0.1
sotalol,7e+05,nM,ICaL,13.5,0.1
sotalol,7e+05,nM,ICaL,8.6,0.1
sotalol,7e+05,nM,ICaL,13.4,0.1
sotalol,2100000,nM,ICaL,32.1,0.1
sotalol,2100000,nM,ICaL,19.3,0.1
sotalol,2100000,nM,ICaL,26.6,0.1
sotalol,14000,nM,IK1,0,0.1
sotalol,14000,nM,IK1,0,0.1
sotalol,14000,nM,IK1,0,0.1
sotalol,140000,nM,IK1,0,0.1
sotalol,140000,nM,IK1,0,0.1
sotalol,140000,nM,IK1,0,0.1
sotalol,7e+05,nM,IK1,15.6,0.1
sotalol,7e+05,nM,IK1,21.6,0.1
sotalol,7e+05,nM,IK1,9.7,0.1
sotalol,2100000,nM,IK1,38.6,0.1
sotalol,2100000,nM,IK1,45.2,0.1
sotalol,2100000,nM,IK1,32,0.1
sotalol,14000,nM,IKs,0,0.1
sotalol,14000,nM,IKs,0.9,0.1
sotalol,14000,nM,IKs,0,0.1
sotalol,140000,nM,IKs,0.4,0.1
sotalol,140000,nM,IKs,2.3,0.1
sotalol,140000,nM,IKs,0,0.1
sotalol,7e+05,nM,IKs,17.6,0.1
sotalol,7e+05,nM,IKs,5.5,0.1
sotalol,7e+05,nM,IKs,6.1,0.1
sotalol,7e+05,nM,IKs,15.8,0.1
sotalol,2100000,nM,IKs,33.1,0.1
sotalol,2100000,nM,IKs,22.2,0.1
sotalol,2100000,nM,IKs,36.4,0.1
sotalol,14000,nM,INa,0,0.1
sotalol,14000,nM,INa,1.4,0.1
sotalol,14000,nM,INa,0.3,0.1
sotalol,140000,nM,INa,0,0.1
sotalol,140000,nM,INa,1.8,0.1
sotalol,140000,nM,INa,0.7,0.1
sotalol,7e+05,nM,INa,0,0.1
sotalol,7e+05,nM,INa,2.6,0.1
sotalol,7e+05,nM,INa,4.3,0.1
sotalol,2100000,nM,INa,0,0.1
sotalol,2100000,nM,INa,3.9,0.1
sotalol,2100000,nM,INa,7.8,0.1
terfenadine,0.8,nM,Ito,0,0.1
terfenadine,0.8,nM,Ito,5.3,0.1
terfenadine,0.8,nM,Ito,8.9,0.1
terfenadine,8,nM,Ito,10.3,0.1
terfenadine,8,nM,Ito,10.1,0.1
terfenadine,8,nM,Ito,9,0.1
terfenadine,80,nM,Ito,4.3,0.1
terfenadine,80,nM,Ito,9.1,0.1
terfenadine,80,nM,Ito,6.3,0.1
terfenadine,800,nM,Ito,28.5,0.1
terfenadine,800,nM,Ito,22.1,0.1
terfenadine,800,nM,Ito,11.1,0.1
terfenadine,0.8,nM,INaL,0,0.1
terfenadine,0.8,nM,INaL,2.5,0.1
terfenadine,0.8,nM,INaL,2.2,0.1
terfenadine,8,nM,INaL,3.6,0.1
terfenadine,8,nM,INaL,0.7,0.1
terfenadine,8,nM,INaL,0,0.1
terfenadine,80,nM,INaL,1,0.1
terfenadine,80,nM,INaL,7.8,0.1
terfenadine,80,nM,INaL,0,0.1
terfenadine,800,nM,INaL,11.5,0.1
terfenadine,800,nM,INaL,14.9,0.1
terfenadine,800,nM,INaL,11.7,0.1
terfenadine,0.8,nM,ICaL,0.8,0.1
terfenadine,0.8,nM,ICaL,1.4,0.1
terfenadine,0.8,nM,ICaL,0,0.1
terfenadine,8,nM,ICaL,4.5,0.1
terfenadine,8,nM,ICaL,2.7,0.1
terfenadine,8,nM,ICaL,5.2,0.1
terfenadine,80,nM,ICaL,24,0.1
terfenadine,80,nM,ICaL,15.5,0.1
terfenadine,80,nM,ICaL,20.1,0.1
terfenadine,800,nM,ICaL,49.7,0.1
terfenadine,800,nM,ICaL,53.1,0.1
terfenadine,800,nM,ICaL,53.2,0.1
terfenadine,0.8,nM,IK1,8.2,0.1
terfenadine,0.8,nM,IK1,3.9,0.1
terfenadine,0.8,nM,IK1,0,0.1
terfenadine,8,nM,IK1,0,0.1
terfenadine,8,nM,IK1,0,0.1
terfenadine,8,nM,IK1,0,0.1
terfenadine,80,nM,IK1,0,0.1
terfenadine,80,nM,IK1,8.6,0.1
terfenadine,80,nM,IK1,0,0.1
terfenadine,800,nM,IK1,0,0.1
terfenadine,800,nM,IK1,0,0.1
terfenadine,800,nM,IK1,0,0.1
terfenadine,0.8,nM,IKs,0,0.1
terfenadine,0.8,nM,IKs,0.05,0.1
terfenadine,0.8,nM,IKs,0,0.1
terfenadine,8,nM,IKs,0.6,0.1
terfenadine,8,nM,IKs,0,0.1
terfenadine,8,nM,IKs,0,0.1
terfenadine,80,nM,IKs,0.5,0.1
terfenadine,80,nM,IKs,2.6,0.1
terfenadine,80,nM,IKs,0,0.1
terfenadine,800,nM,IKs,0,0.1
terfenadine,800,nM,IKs,4,0.1
terfenadine,800,nM,IKs,5.9,0.1
terfenadine,0.8,nM,INa,0.1,0.1
terfenadine,0.8,nM,INa,0,0.1
terfenadine,0.8,nM,INa,0.5,0.1
terfenadine,8,nM,INa,0,0.1
terfenadine,8,nM,INa,0,0.1
terfenadine,8,nM,INa,0,0.1
terfenadine,80,nM,INa,0,0.1
terfenadine,80,nM,INa,0,0.1
terfenadine,80,nM,INa,4.7,0.1
terfenadine,800,nM,INa,16.8,0.1
terfenadine,800,nM,INa,21.6,0.1
terfenadine,800,nM,INa,5.1,0.1
terfenadine,800,nM,INa,12.3,0.1
toremifene,25,nM,Ito,1.7,0.1
toremifene,25,nM,Ito,0.5,0.1
toremifene,25,nM,Ito,0.5,0.1
toremifene,75,nM,Ito,1.7,0.1
toremifene,75,nM,Ito,0.2,0.1
toremifene,75,nM,Ito,0.03,0.1
toremifene,250,nM,Ito,1.9,0.1
toremifene,250,nM,Ito,1.4,0.1
toremifene,250,nM,Ito,0.6,0.1
toremifene,1250,nM,Ito,2.1,0.1
toremifene,1250,nM,Ito,0,0.1
toremifene,1250,nM,Ito,12.2,0.1
toremifene,1250,nM,Ito,0,0.1
toremifene,25,nM,INaL,0,0.1
toremifene,25,nM,INaL,4.8,0.1
toremifene,25,nM,INaL,0,0.1
toremifene,25,nM,INaL,0,0.1
toremifene,75,nM,INaL,2.3,0.1
toremifene,75,nM,INaL,0,0.1
toremifene,75,nM,INaL,0,0.1
toremifene,250,nM,INaL,0.4,0.1
toremifene,250,nM,INaL,0,0.1
toremifene,250,nM,INaL,0,0.1
toremifene,1250,nM,INaL,17,0.1
toremifene,1250,nM,INaL,31.4,0.1
toremifene,1250,nM,INaL,0.7,0.1
toremifene,25,nM,ICaL,0,0.1
toremifene,25,nM,ICaL,0.09,0.1
toremifene,25,nM,ICaL,4.1,0.1
toremifene,75,nM,ICaL,3.4,0.1
toremifene,75,nM,ICaL,0,0.1
toremifene,75,nM,ICaL,0,0.1
toremifene,250,nM,ICaL,0.8,0.1
toremifene,250,nM,ICaL,0,0.1
toremifene,250,nM,ICaL,2.3,0.1
toremifene,1250,nM,ICaL,2.4,0.1
toremifene,1250,nM,ICaL,0,0.1
toremifene,1250,nM,ICaL,3.5,0.1
toremifene,1250,nM,ICaL,3.7,0.1
toremifene,1250,nM,ICaL,11.8,0.1
toremifene,25,nM,IK1,0,0.1
toremifene,25,nM,IK1,0,0.1
toremifene,25,nM,IK1,0,0.1
toremifene,75,nM,IK1,0,0.1
toremifene,75,nM,IK1,0,0.1
toremifene,75,nM,IK1,0,0.1
toremifene,250,nM,IK1,0,0.1
toremifene,250,nM,IK1,0,0.1
toremifene,250,nM,IK1,0,0.1
toremifene,1250,nM,IK1,0,0.1
toremifene,1250,nM,IK1,0,0.1
toremifene,1250,nM,IK1,0,0.1
toremifene,25,nM,IKs,0,0.1
toremifene,25,nM,IKs,2.1,0.1
toremifene,25,nM,IKs,0,0.1
toremifene,75,nM,IKs,0,0.1
toremifene,75,nM,IKs,0.05,0.1
toremifene,75,nM,IKs,0,0.1
toremifene,250,nM,IKs,0,0.1
toremifene,250,nM,IKs,0,0.1
toremifene,250,nM,IKs,0,0.1
toremifene,1250,nM,IKs,0,0.1
toremifene,1250,nM,IKs,0,0.1
toremifene,1250,nM,IKs,0,0.1
toremifene,25,nM,INa,0.1,0.1
toremifene,25,nM,INa,0,0.1
toremifene,25,nM,INa,0,0.1
toremifene,75,nM,INa,0,0.1
toremifene,75,nM,INa,0,0.1
toremifene,75,nM,INa,0,0.1
toremifene,250,nM,INa,0.6,0.1
toremifene,250,nM,INa,0,0.1
toremifene,250,nM,INa,0,0.1
toremifene,1250,nM,INa,11.2,0.1
toremifene,1250,nM,INa,2.8,0.1
toremifene,1250,nM,INa,5.1,0.1
verapamil,50,nM,Ito,0.9,0.1
verapamil,50,nM,Ito,0,0.1
verapamil,50,nM,Ito,0,0.1
verapamil,150,nM,Ito,0.9,0.1
verapamil,150,nM,Ito,3.2,0.1
verapamil,150,nM,Ito,0,0.1
verapamil,500,nM,Ito,8.4,0.1
verapamil,500,nM,Ito,12.2,0.1
verapamil,500,nM,Ito,3.2,0.1
verapamil,1000,nM,Ito,5.8,0.1
verapamil,1000,nM,Ito,15.6,0.1
verapamil,1000,nM,Ito,8.2,0.1
verapamil,50,nM,INaL,0,0.1
verapamil,50,nM,INaL,6.7,0.1
verapamil,50,nM,INaL,0,0.1
verapamil,150,nM,INaL,0,0.1
verapamil,150,nM,INaL,4.1,0.1
verapamil,150,nM,INaL,0,0.1
verapamil,500,nM,INaL,0,0.1
verapamil,500,nM,INaL,13.4,0.1
verapamil,500,nM,INaL,4.1,0.1
verapamil,1000,nM,INaL,0,0.1
verapamil,1000,nM,INaL,29.6,0.1
verapamil,1000,nM,INaL,6.3,0.1
verapamil,5,nM,ICaL,6.5,0.1
verapamil,5,nM,ICaL,4.3,0.1
verapamil,5,nM,ICaL,1.1,0.1
verapamil,50,nM,ICaL,22.6,0.1
verapamil,50,nM,ICaL,20.9,0.1
verapamil,50,nM,ICaL,19.4,0.1
verapamil,150,nM,ICaL,50.5,0.1
verapamil,150,nM,ICaL,28.9,0.1
verapamil,150,nM,ICaL,40.1,0.1
verapamil,150,nM,ICaL,35.9,0.1
verapamil,500,nM,ICaL,89.8,0.1
verapamil,500,nM,ICaL,67.2,0.1
verapamil,500,nM,ICaL,68.9,0.1
verapamil,1000,nM,ICaL,99.6,0.1
verapamil,1000,nM,ICaL,77.7,0.1
verapamil,1000,nM,ICaL,79.7,0.1
verapamil,50,nM,IK1,0,0.1
verapamil,50,nM,IK1,2.9,0.1
verapamil,50,nM,IK1,0,0.1
verapamil,150,nM,IK1,0,0.1
verapamil,150,nM,IK1,9.1,0.1
verapamil,150,nM,IK1,2.2,0.1
verapamil,150,nM,IK1,0,0.1
verapamil,500,nM,IK1,0,0.1
verapamil,500,nM,IK1,1.9,0.1
verapamil,500,nM,IK1,0,0.1
verapamil,1000,nM,IK1,0,0.1
verapamil,1000,nM,IK1,10.6,0.1
verapamil,1000,nM,IK1,1,0.1
verapamil,5,nM,IKs,0,0.1
verapamil,5,nM,IKs,0,0.1
verapamil,5,nM,IKs,2.7,0.1
verapamil,50,nM,IKs,0,0.1
verapamil,50,nM,IKs,3.4,0.1
verapamil,50,nM,IKs,4.7,0.1
verapamil,150,nM,IKs,0,0.1
verapamil,150,nM,IKs,1.6,0.1
verapamil,150,nM,IKs,8.2,0.1
verapamil,500,nM,IKs,0,0.1
verapamil,500,nM,IKs,1.8,0.1
verapamil,500,nM,IKs,5.4,0.1
verapamil,50,nM,INa,0.8,0.1
verapamil,50,nM,INa,0,0.1
verapamil,50,nM,INa,0,0.1
verapamil,150,nM,INa,0.3,0.1
verapamil,150,nM,INa,0.6,0.1
verapamil,150,nM,INa,0,0.1
verapamil,500,nM,INa,0.8,0.1
verapamil,500,nM,INa,0,0.1
verapamil,500,nM,INa,0,0.1
verapamil,1000,nM,INa,1.2,0.1
verapamil,1000,nM,INa,0.2,0.1
verapamil,1000,nM,INa,0,0.1
dofetilide,10,nM,hERG,68.4832764780687,NA
dofetilide,10,nM,hERG,71.1625134940626,NA
dofetilide,10,nM,hERG,76.7049504782201,NA
dofetilide,10,nM,hERG,62.695809565599,NA
dofetilide,10,nM,hERG,51.967919203921,NA
dofetilide,1,nM,hERG,22.9570548664528,NA
dofetilide,1,nM,hERG,4.2081951795824,NA
dofetilide,1,nM,hERG,10.965396257235,NA
dofetilide,1,nM,hERG,18.2862503938426,NA
dofetilide,1,nM,hERG,17.4523411289455,NA
dofetilide,1,nM,hERG,0.987460416144104,NA
dofetilide,1,nM,hERG,22.6008910043389,NA
dofetilide,1,nM,hERG,10.5811945812372,NA
dofetilide,1,nM,hERG,9.0385696615315,NA
dofetilide,1,nM,hERG,15.768290947937,NA
dofetilide,30,nM,hERG,71.2808349644884,NA
dofetilide,30,nM,hERG,83.7315525219508,NA
dofetilide,30,nM,hERG,86.2830667711856,NA
dofetilide,30,nM,hERG,83.753156309814,NA
dofetilide,30,nM,hERG,86.7317362102702,NA
dofetilide,3,nM,hERG,31.4394958009168,NA
dofetilide,3,nM,hERG,30.678432474814,NA
dofetilide,3,nM,hERG,34.0732033837768,NA
dofetilide,3,nM,hERG,24.9917467755506,NA
dofetilide,3,nM,hERG,23.3898956752733,NA
dofetilide,3,nM,hERG,30.2572169459313,NA
cisapride,100,nM,hERG,82.9062900065779,NA
cisapride,100,nM,hERG,73.6223799148234,NA
cisapride,100,nM,hERG,59.6851320827259,NA
cisapride,10,nM,hERG,61.3448428450211,NA
cisapride,10,nM,hERG,61.2147743805934,NA
cisapride,10,nM,hERG,46.1571390646432,NA
cisapride,10,nM,hERG,45.8777838157343,NA
cisapride,10,nM,hERG,52.1988501734183,NA
cisapride,10,nM,hERG,63.3462139626924,NA
cisapride,10,nM,hERG,62.4013960126785,NA
cisapride,1,nM,hERG,14.5653863849095,NA
cisapride,1,nM,hERG,15.7707740474712,NA
cisapride,1,nM,hERG,18.1051373351565,NA
cisapride,1,nM,hERG,9.5927000092268,NA
cisapride,1,nM,hERG,3.0491361072526,NA
cisapride,1,nM,hERG,1.233820126444,NA
cisapride,1,nM,hERG,14.0336659025109,NA
cisapride,300,nM,hERG,87.3452371882523,NA
cisapride,300,nM,hERG,77.2749643318582,NA
cisapride,300,nM,hERG,87.325686083444,NA
cisapride,300,nM,hERG,83.5493709959945,NA
cisapride,300,nM,hERG,80.7140720845404,NA
bepridil,100,nM,hERG,58.8063075420558,NA
bepridil,100,nM,hERG,55.9267963953642,NA
bepridil,100,nM,hERG,59.6115776586667,NA
bepridil,100,nM,hERG,65.6038211551361,NA
bepridil,100,nM,hERG,70.7783397303015,NA
bepridil,10,nM,hERG,30.7881382255679,NA
bepridil,10,nM,hERG,20.6479855847827,NA
bepridil,10,nM,hERG,-1.37863822879101,NA
bepridil,10,nM,hERG,14.6567299006323,NA
bepridil,10,nM,hERG,8.7008471804219,NA
bepridil,10,nM,hERG,19.1601298670521,NA
bepridil,300,nM,hERG,87.4381965072257,NA
bepridil,300,nM,hERG,86.8986866037481,NA
bepridil,300,nM,hERG,84.5465637161916,NA
bepridil,300,nM,hERG,80.9053287059412,NA
bepridil,30,nM,hERG,54.7128690896985,NA
bepridil,30,nM,hERG,47.0302973353764,NA
bepridil,30,nM,hERG,47.7775897040133,NA
bepridil,30,nM,hERG,30.5230489207687,NA
bepridil,30,nM,hERG,31.2983002521629,NA
bepridil,30,nM,hERG,35.8565663085918,NA
verapamil,1000,nM,hERG,69.1515684485932,NA
verapamil,1000,nM,hERG,75.5454014610463,NA
verapamil,1000,nM,hERG,75.323944260345,NA
verapamil,1000,nM,hERG,93.5766667758051,NA
verapamil,100,nM,hERG,19.2895662921879,NA
verapamil,100,nM,hERG,29.5389655722115,NA
verapamil,100,nM,hERG,31.2721004526078,NA
verapamil,100,nM,hERG,32.9502215946087,NA
verapamil,100,nM,hERG,29.3440164366705,NA
verapamil,300,nM,hERG,37.6947020546191,NA
verapamil,300,nM,hERG,54.6927476173293,NA
verapamil,300,nM,hERG,47.0727557317332,NA
verapamil,300,nM,hERG,53.0371836252054,NA
verapamil,300,nM,hERG,43.8183196596065,NA
verapamil,30,nM,hERG,17.352128585438,NA
verapamil,30,nM,hERG,4.9095175926587,NA
verapamil,30,nM,hERG,1.1802535139315,NA
verapamil,30,nM,hERG,28.2649477258646,NA
verapamil,30,nM,hERG,10.5237391563191,NA
verapamil,30,nM,hERG,1.689231301939,NA
terfenadine,100,nM,hERG,82.9030108189839,NA
terfenadine,100,nM,hERG,83.4380907729768,NA
terfenadine,100,nM,hERG,74.9584911376092,NA
terfenadine,100,nM,hERG,86.1809455282992,NA
terfenadine,100,nM,hERG,80.0022842937378,NA
terfenadine,100,nM,hERG,57.4461295363094,NA
terfenadine,10,nM,hERG,57.3103907171124,NA
terfenadine,10,nM,hERG,34.377535589606,NA
terfenadine,10,nM,hERG,39.7751847668163,NA
terfenadine,10,nM,hERG,31.0906041726406,NA
terfenadine,10,nM,hERG,40.9056746685927,NA
terfenadine,10,nM,hERG,45.2823930596296,NA
terfenadine,10,nM,hERG,43.9590623471422,NA
terfenadine,10,nM,hERG,43.8774503207285,NA
terfenadine,30,nM,hERG,61.5218875541747,NA
terfenadine,30,nM,hERG,59.7168990699912,NA
terfenadine,30,nM,hERG,35.7091058016153,NA
terfenadine,30,nM,hERG,34.8496448397916,NA
terfenadine,30,nM,hERG,44.3476191116337,NA
terfenadine,30,nM,hERG,49.202814741945,NA
terfenadine,30,nM,hERG,58.0651342598012,NA
terfenadine,3,nM,hERG,20.3990483193678,NA
terfenadine,3,nM,hERG,24.9827188631423,NA
terfenadine,3,nM,hERG,28.8398902888489,NA
terfenadine,3,nM,hERG,25.2488657557556,NA
terfenadine,3,nM,hERG,21.5961524627732,NA
ranolazine,1e+05,nM,hERG,86.3667611909984,NA
ranolazine,1e+05,nM,hERG,89.9136109423191,NA
ranolazine,1e+05,nM,hERG,84.5364135017363,NA
ranolazine,1e+05,nM,hERG,89.3369398697817,NA
ranolazine,1e+05,nM,hERG,92.4919563365207,NA
ranolazine,10000,nM,hERG,57.0232629883915,NA
ranolazine,10000,nM,hERG,56.754962715708,NA
ranolazine,10000,nM,hERG,56.119550536766,NA
ranolazine,10000,nM,hERG,51.6803667282506,NA
ranolazine,10000,nM,hERG,54.6960234794095,NA
ranolazine,10000,nM,hERG,55.9644916117944,NA
ranolazine,1000,nM,hERG,16.4639464013486,NA
ranolazine,1000,nM,hERG,16.4871931716682,NA
ranolazine,1000,nM,hERG,8.9427329977494,NA
ranolazine,1000,nM,hERG,13.9040569717806,NA
ranolazine,1000,nM,hERG,9.6434580145786,NA
ranolazine,1000,nM,hERG,18.1472407413489,NA
ranolazine,1000,nM,hERG,9.3470984792675,NA
ranolazine,30000,nM,hERG,77.4919464998065,NA
ranolazine,30000,nM,hERG,77.2814954866707,NA
ranolazine,30000,nM,hERG,70.7613349186781,NA
ranolazine,30000,nM,hERG,69.6682643442051,NA
ranolazine,30000,nM,hERG,78.1465676147183,NA
sotalol,1e+05,nM,hERG,58.4730775618668,NA
sotalol,1e+05,nM,hERG,49.9331262245572,NA
sotalol,1e+05,nM,hERG,34.045668199214,NA
sotalol,1e+05,nM,hERG,44.8790954809878,NA
sotalol,10000,nM,hERG,21.9216672125368,NA
sotalol,10000,nM,hERG,16.56485183919,NA
sotalol,10000,nM,hERG,11.9850550706838,NA
sotalol,10000,nM,hERG,15.0724404234565,NA
sotalol,10000,nM,hERG,15.7196938826358,NA
sotalol,10000,nM,hERG,14.0874025093252,NA
sotalol,10000,nM,hERG,13.7573152701698,NA
sotalol,10000,nM,hERG,6.6523311387052,NA
sotalol,3e+05,nM,hERG,62.4544610550556,NA
sotalol,3e+05,nM,hERG,78.9527264674465,NA
sotalol,3e+05,nM,hERG,72.3386557121083,NA
sotalol,3e+05,nM,hERG,69.5400339257258,NA
sotalol,30000,nM,hERG,20.3312190793515,NA
sotalol,30000,nM,hERG,33.3084715636478,NA
sotalol,30000,nM,hERG,27.6850439410334,NA
sotalol,30000,nM,hERG,27.3961699781972,NA
sotalol,30000,nM,hERG,35.3904841668386,NA
sotalol,30000,nM,hERG,14.6377992670368,NA
mexiletine,1e+05,nM,hERG,80.7332378423558,NA
mexiletine,1e+05,nM,hERG,82.096935900532,NA
mexiletine,1e+05,nM,hERG,82.6303424747057,NA
mexiletine,1e+05,nM,hERG,73.7125889131603,NA
mexiletine,1e+05,nM,hERG,68.7637787740525,NA
mexiletine,10000,nM,hERG,29.6838715315333,NA
mexiletine,10000,nM,hERG,24.7308011522625,NA
mexiletine,10000,nM,hERG,29.1629362182858,NA
mexiletine,10000,nM,hERG,20.2048361712053,NA
mexiletine,10000,nM,hERG,31.1440493310672,NA
mexiletine,3e+05,nM,hERG,85.3565117301764,NA
mexiletine,3e+05,nM,hERG,83.4340763303701,NA
mexiletine,3e+05,nM,hERG,81.5569570495005,NA
mexiletine,3e+05,nM,hERG,84.2436436568325,NA
mexiletine,3e+05,nM,hERG,85.8272510267117,NA
mexiletine,30000,nM,hERG,51.8292734901994,NA
mexiletine,30000,nM,hERG,55.3519097732111,NA
mexiletine,30000,nM,hERG,55.8725210027997,NA
mexiletine,30000,nM,hERG,43.9331406535927,NA
mexiletine,30000,nM,hERG,53.1303648902487,NA
mexiletine,3000,nM,hERG,15.0518455349501,NA
mexiletine,3000,nM,hERG,7.0623629073195,NA
mexiletine,3000,nM,hERG,18.253964068554,NA
mexiletine,3000,nM,hERG,5.2573229303111,NA
mexiletine,3000,nM,hERG,7.774580629362,NA
mexiletine,3000,nM,hERG,9.0391209422793,NA
quinidine,10000,nM,hERG,86.4899144556177,NA
quinidine,10000,nM,hERG,89.3406130845027,NA
quinidine,10000,nM,hERG,93.1516204635478,NA
quinidine,10000,nM,hERG,86.3035702457442,NA
quinidine,1000,nM,hERG,50.3838163150417,NA
quinidine,1000,nM,hERG,54.7047551608387,NA
quinidine,1000,nM,hERG,43.3068982693911,NA
quinidine,100,nM,hERG,14.2402362469551,NA
quinidine,100,nM,hERG,11.7593832417001,NA
quinidine,100,nM,hERG,21.6761588544924,NA
quinidine,100,nM,hERG,13.0808051294739,NA
quinidine,100,nM,hERG,18.0306355391417,NA
quinidine,100,nM,hERG,8.0592039434867,NA
quinidine,300,nM,hERG,26.1601494071489,NA
quinidine,300,nM,hERG,19.5675950522995,NA
quinidine,300,nM,hERG,23.332162506428,NA
quinidine,300,nM,hERG,32.8574785337645,NA
ondansetron,300,nM,hERG,14.5443829642309,NA
ondansetron,300,nM,hERG,18.5450179569243,NA
ondansetron,300,nM,hERG,17.7852756898885,NA
ondansetron,300,nM,hERG,19.183926504431,NA
ondansetron,300,nM,hERG,17.069191298757,NA
ondansetron,300,nM,hERG,25.0101444893543,NA
ondansetron,300,nM,hERG,26.5382074867154,NA
ondansetron,10000,nM,hERG,89.6545568844151,NA
ondansetron,10000,nM,hERG,86.4706024467126,NA
ondansetron,10000,nM,hERG,88.6549408795835,NA
ondansetron,10000,nM,hERG,87.7400776860443,NA
ondansetron,10000,nM,hERG,86.7591755357388,NA
ondansetron,10000,nM,hERG,83.8584333918798,NA
ondansetron,1000,nM,hERG,45.3256863029166,NA
ondansetron,1000,nM,hERG,50.1347637818241,NA
ondansetron,1000,nM,hERG,36.6351410004416,NA
ondansetron,1000,nM,hERG,46.6580540588252,NA
ondansetron,1000,nM,hERG,45.6667735396565,NA
ondansetron,3000,nM,hERG,61.1352496429582,NA
ondansetron,3000,nM,hERG,65.4074493485515,NA
ondansetron,3000,nM,hERG,71.4307722033934,NA
ondansetron,3000,nM,hERG,65.2558340960536,NA
ondansetron,3000,nM,hERG,70.280285530942,NA
ondansetron,3000,nM,hERG,67.2688393841257,NA
diltiazem,1e+05,nM,hERG,87.1368871674651,NA
diltiazem,1e+05,nM,hERG,86.6681015633541,NA
diltiazem,1e+05,nM,hERG,86.1774942380627,NA
diltiazem,1e+05,nM,hERG,88.0869791708852,NA
diltiazem,10000,nM,hERG,43.3478631461406,NA
diltiazem,10000,nM,hERG,44.0730968981357,NA
diltiazem,10000,nM,hERG,39.7430022027987,NA
diltiazem,10000,nM,hERG,40.4152588766934,NA
diltiazem,10000,nM,hERG,44.8083307698443,NA
diltiazem,10000,nM,hERG,41.8856515132229,NA
diltiazem,30000,nM,hERG,69.5327655826057,NA
diltiazem,30000,nM,hERG,65.5240247846927,NA
diltiazem,30000,nM,hERG,70.9048714563551,NA
diltiazem,30000,nM,hERG,69.099046000329,NA
diltiazem,3000,nM,hERG,21.1121679935047,NA
diltiazem,3000,nM,hERG,28.4445643621984,NA
diltiazem,3000,nM,hERG,20.6376407093023,NA
diltiazem,3000,nM,hERG,20.8171373258701,NA
diltiazem,3000,nM,hERG,19.2281938402444,NA
chlorpromazine,1000,nM,hERG,45.595962928186,NA
chlorpromazine,1000,nM,hERG,46.9126950790677,NA
chlorpromazine,1000,nM,hERG,50.2149961061551,NA
chlorpromazine,1000,nM,hERG,44.1116576628973,NA
chlorpromazine,1000,nM,hERG,45.5006049012418,NA
chlorpromazine,1000,nM,hERG,41.897045438078,NA
chlorpromazine,100,nM,hERG,21.3785790152861,NA
chlorpromazine,100,nM,hERG,10.339791386755,NA
chlorpromazine,100,nM,hERG,18.2571655075659,NA
chlorpromazine,100,nM,hERG,14.2031157801417,NA
chlorpromazine,100,nM,hERG,12.6810594770088,NA
chlorpromazine,100,nM,hERG,16.7071718776783,NA
chlorpromazine,3000,nM,hERG,82.6394726880877,NA
chlorpromazine,3000,nM,hERG,73.0421970302543,NA
chlorpromazine,3000,nM,hERG,75.8397777994529,NA
chlorpromazine,3000,nM,hERG,77.8835420159201,NA
chlorpromazine,300,nM,hERG,32.4883176933101,NA
chlorpromazine,300,nM,hERG,36.6554200084243,NA
chlorpromazine,300,nM,hERG,24.3577640513933,NA
chlorpromazine,300,nM,hERG,22.076989074287,NA
chlorpromazine,300,nM,hERG,26.2031797162816,NA
